id,pairwise_disagreement_rate,pairwise_disagreements,distinct_rank_patterns,top1_votes,model_ranks
161,0.6,18,4,"{""A"": 3, ""B"": 1, ""C"": 1}","{""anthropic__claude-sonnet-4.6"": {""A"": 1, ""B"": 2, ""C"": 3}, ""deepseek__deepseek-v4-flash"": {""A"": 1, ""B"": 3, ""C"": 2}, ""google__gemini-3-flash-preview"": {""A"": 3, ""B"": 2, ""C"": 1}, ""moonshotai__kimi-k2.5"": {""A"": 1, ""B"": 2, ""C"": 3}, ""openai__gpt-5.2"": {""A"": 3, ""B"": 1, ""C"": 2}}"
107,0.6,18,3,"{""A"": 1, ""B"": 2, ""C"": 2}","{""anthropic__claude-sonnet-4.6"": {""A"": 2, ""B"": 1, ""C"": 3}, ""deepseek__deepseek-v4-flash"": {""A"": 1, ""B"": 2, ""C"": 3}, ""google__gemini-3-flash-preview"": {""A"": 2, ""B"": 3, ""C"": 1}, ""moonshotai__kimi-k2.5"": {""A"": 2, ""B"": 3, ""C"": 1}, ""openai__gpt-5.2"": {""A"": 2, ""B"": 1, ""C"": 3}}"
042,0.533333,16,4,"{""B"": 3, ""C"": 2}","{""anthropic__claude-sonnet-4.6"": {""A"": 2, ""B"": 1, ""C"": 3}, ""deepseek__deepseek-v4-flash"": {""A"": 2, ""B"": 3, ""C"": 1}, ""google__gemini-3-flash-preview"": {""A"": 3, ""B"": 1, ""C"": 2}, ""moonshotai__kimi-k2.5"": {""A"": 2, ""B"": 1, ""C"": 3}, ""openai__gpt-5.2"": {""A"": 3, ""B"": 2, ""C"": 1}}"
082,0.533333,16,4,"{""B"": 3, ""C"": 2}","{""anthropic__claude-sonnet-4.6"": {""A"": 3, ""B"": 1, ""C"": 2}, ""deepseek__deepseek-v4-flash"": {""A"": 2, ""B"": 1, ""C"": 3}, ""google__gemini-3-flash-preview"": {""A"": 3, ""B"": 2, ""C"": 1}, ""moonshotai__kimi-k2.5"": {""A"": 2, ""B"": 3, ""C"": 1}, ""openai__gpt-5.2"": {""A"": 2, ""B"": 1, ""C"": 3}}"
174,0.533333,16,4,"{""A"": 1, ""B"": 3, ""C"": 1}","{""anthropic__claude-sonnet-4.6"": {""A"": 3, ""B"": 1, ""C"": 2}, ""deepseek__deepseek-v4-flash"": {""A"": 1, ""B"": 3, ""C"": 2}, ""google__gemini-3-flash-preview"": {""A"": 3, ""B"": 1, ""C"": 2}, ""moonshotai__kimi-k2.5"": {""A"": 2, ""B"": 1, ""C"": 3}, ""openai__gpt-5.2"": {""A"": 3, ""B"": 2, ""C"": 1}}"
180,0.533333,16,4,"{""A"": 1, ""B"": 1, ""C"": 3}","{""anthropic__claude-sonnet-4.6"": {""A"": 2, ""B"": 1, ""C"": 3}, ""deepseek__deepseek-v4-flash"": {""A"": 1, ""B"": 3, ""C"": 2}, ""google__gemini-3-flash-preview"": {""A"": 3, ""B"": 2, ""C"": 1}, ""moonshotai__kimi-k2.5"": {""A"": 2, ""B"": 3, ""C"": 1}, ""openai__gpt-5.2"": {""A"": 2, ""B"": 3, ""C"": 1}}"
009,0.533333,16,3,"{""A"": 1, ""B"": 2, ""C"": 2}","{""anthropic__claude-sonnet-4.6"": {""A"": 3, ""B"": 2, ""C"": 1}, ""deepseek__deepseek-v4-flash"": {""A"": 1, ""B"": 2, ""C"": 3}, ""google__gemini-3-flash-preview"": {""A"": 3, ""B"": 2, ""C"": 1}, ""moonshotai__kimi-k2.5"": {""A"": 2, ""B"": 1, ""C"": 3}, ""openai__gpt-5.2"": {""A"": 2, ""B"": 1, ""C"": 3}}"
034,0.533333,16,3,"{""A"": 1, ""B"": 2, ""C"": 2}","{""anthropic__claude-sonnet-4.6"": {""A"": 3, ""B"": 1, ""C"": 2}, ""deepseek__deepseek-v4-flash"": {""A"": 1, ""B"": 3, ""C"": 2}, ""google__gemini-3-flash-preview"": {""A"": 3, ""B"": 1, ""C"": 2}, ""moonshotai__kimi-k2.5"": {""A"": 2, ""B"": 3, ""C"": 1}, ""openai__gpt-5.2"": {""A"": 2, ""B"": 3, ""C"": 1}}"
092,0.533333,16,3,"{""B"": 3, ""C"": 2}","{""anthropic__claude-sonnet-4.6"": {""A"": 3, ""B"": 1, ""C"": 2}, ""deepseek__deepseek-v4-flash"": {""A"": 2, ""B"": 3, ""C"": 1}, ""google__gemini-3-flash-preview"": {""A"": 3, ""B"": 1, ""C"": 2}, ""moonshotai__kimi-k2.5"": {""A"": 2, ""B"": 1, ""C"": 3}, ""openai__gpt-5.2"": {""A"": 2, ""B"": 3, ""C"": 1}}"
170,0.533333,16,3,"{""A"": 1, ""B"": 2, ""C"": 2}","{""anthropic__claude-sonnet-4.6"": {""A"": 2, ""B"": 3, ""C"": 1}, ""deepseek__deepseek-v4-flash"": {""A"": 1, ""B"": 3, ""C"": 2}, ""google__gemini-3-flash-preview"": {""A"": 3, ""B"": 1, ""C"": 2}, ""moonshotai__kimi-k2.5"": {""A"": 3, ""B"": 1, ""C"": 2}, ""openai__gpt-5.2"": {""A"": 2, ""B"": 3, ""C"": 1}}"
179,0.533333,16,3,"{""A"": 1, ""B"": 2, ""C"": 2}","{""anthropic__claude-sonnet-4.6"": {""A"": 3, ""B"": 1, ""C"": 2}, ""deepseek__deepseek-v4-flash"": {""A"": 2, ""B"": 3, ""C"": 1}, ""google__gemini-3-flash-preview"": {""A"": 2, ""B"": 3, ""C"": 1}, ""moonshotai__kimi-k2.5"": {""A"": 1, ""B"": 2, ""C"": 3}, ""openai__gpt-5.2"": {""A"": 3, ""B"": 1, ""C"": 2}}"
189,0.533333,16,3,"{""A"": 2, ""B"": 1, ""C"": 2}","{""anthropic__claude-sonnet-4.6"": {""A"": 1, ""B"": 3, ""C"": 2}, ""deepseek__deepseek-v4-flash"": {""A"": 3, ""B"": 1, ""C"": 2}, ""google__gemini-3-flash-preview"": {""A"": 3, ""B"": 2, ""C"": 1}, ""moonshotai__kimi-k2.5"": {""A"": 1, ""B"": 3, ""C"": 2}, ""openai__gpt-5.2"": {""A"": 3, ""B"": 2, ""C"": 1}}"
024,0.466667,14,4,"{""A"": 1, ""B"": 1, ""C"": 3}","{""anthropic__claude-sonnet-4.6"": {""A"": 3, ""B"": 1, ""C"": 2}, ""deepseek__deepseek-v4-flash"": {""A"": 2, ""B"": 3, ""C"": 1}, ""google__gemini-3-flash-preview"": {""A"": 3, ""B"": 2, ""C"": 1}, ""moonshotai__kimi-k2.5"": {""A"": 1, ""B"": 3, ""C"": 2}, ""openai__gpt-5.2"": {""A"": 2, ""B"": 3, ""C"": 1}}"
145,0.466667,14,4,"{""A"": 3, ""B"": 1, ""C"": 1}","{""anthropic__claude-sonnet-4.6"": {""A"": 2, ""B"": 1, ""C"": 3}, ""deepseek__deepseek-v4-flash"": {""A"": 1, ""B"": 2, ""C"": 3}, ""google__gemini-3-flash-preview"": {""A"": 2, ""B"": 3, ""C"": 1}, ""moonshotai__kimi-k2.5"": {""A"": 1, ""B"": 3, ""C"": 2}, ""openai__gpt-5.2"": {""A"": 1, ""B"": 2, ""C"": 3}}"
155,0.466667,14,4,"{""A"": 2, ""C"": 3}","{""anthropic__claude-sonnet-4.6"": {""A"": 1, ""B"": 2, ""C"": 3}, ""deepseek__deepseek-v4-flash"": {""A"": 3, ""B"": 2, ""C"": 1}, ""google__gemini-3-flash-preview"": {""A"": 1, ""B"": 3, ""C"": 2}, ""moonshotai__kimi-k2.5"": {""A"": 2, ""B"": 3, ""C"": 1}, ""openai__gpt-5.2"": {""A"": 2, ""B"": 3, ""C"": 1}}"
185,0.466667,14,4,"{""B"": 2, ""C"": 3}","{""anthropic__claude-sonnet-4.6"": {""A"": 3, ""B"": 2, ""C"": 1}, ""deepseek__deepseek-v4-flash"": {""A"": 3, ""B"": 1, ""C"": 2}, ""google__gemini-3-flash-preview"": {""A"": 3, ""B"": 2, ""C"": 1}, ""moonshotai__kimi-k2.5"": {""A"": 2, ""B"": 1, ""C"": 3}, ""openai__gpt-5.2"": {""A"": 2, ""B"": 3, ""C"": 1}}"
197,0.466667,14,4,"{""A"": 3, ""B"": 1, ""C"": 1}","{""anthropic__claude-sonnet-4.6"": {""A"": 2, ""B"": 1, ""C"": 3}, ""deepseek__deepseek-v4-flash"": {""A"": 1, ""B"": 3, ""C"": 2}, ""google__gemini-3-flash-preview"": {""A"": 2, ""B"": 3, ""C"": 1}, ""moonshotai__kimi-k2.5"": {""A"": 1, ""B"": 2, ""C"": 3}, ""openai__gpt-5.2"": {""A"": 1, ""B"": 2, ""C"": 3}}"
003,0.466667,14,3,"{""B"": 4, ""C"": 1}","{""anthropic__claude-sonnet-4.6"": {""A"": 2, ""B"": 3, ""C"": 1}, ""deepseek__deepseek-v4-flash"": {""A"": 2, ""B"": 1, ""C"": 3}, ""google__gemini-3-flash-preview"": {""A"": 3, ""B"": 1, ""C"": 2}, ""moonshotai__kimi-k2.5"": {""A"": 2, ""B"": 1, ""C"": 3}, ""openai__gpt-5.2"": {""A"": 2, ""B"": 1, ""C"": 3}}"
052,0.466667,14,3,"{""A"": 1, ""B"": 2, ""C"": 2}","{""anthropic__claude-sonnet-4.6"": {""A"": 3, ""B"": 2, ""C"": 1}, ""deepseek__deepseek-v4-flash"": {""A"": 3, ""B"": 1, ""C"": 2}, ""google__gemini-3-flash-preview"": {""A"": 3, ""B"": 2, ""C"": 1}, ""moonshotai__kimi-k2.5"": {""A"": 1, ""B"": 3, ""C"": 2}, ""openai__gpt-5.2"": {""A"": 3, ""B"": 1, ""C"": 2}}"
077,0.466667,14,3,"{""B"": 4, ""C"": 1}","{""anthropic__claude-sonnet-4.6"": {""A"": 3, ""B"": 1, ""C"": 2}, ""deepseek__deepseek-v4-flash"": {""A"": 2, ""B"": 3, ""C"": 1}, ""google__gemini-3-flash-preview"": {""A"": 3, ""B"": 1, ""C"": 2}, ""moonshotai__kimi-k2.5"": {""A"": 2, ""B"": 1, ""C"": 3}, ""openai__gpt-5.2"": {""A"": 2, ""B"": 1, ""C"": 3}}"
195,0.466667,14,3,"{""B"": 1, ""C"": 4}","{""anthropic__claude-sonnet-4.6"": {""A"": 2, ""B"": 1, ""C"": 3}, ""deepseek__deepseek-v4-flash"": {""A"": 3, ""B"": 2, ""C"": 1}, ""google__gemini-3-flash-preview"": {""A"": 3, ""B"": 2, ""C"": 1}, ""moonshotai__kimi-k2.5"": {""A"": 2, ""B"": 3, ""C"": 1}, ""openai__gpt-5.2"": {""A"": 2, ""B"": 3, ""C"": 1}}"
004,0.4,12,3,"{""A"": 2, ""B"": 3}","{""anthropic__claude-sonnet-4.6"": {""A"": 1, ""B"": 2, ""C"": 3}, ""deepseek__deepseek-v4-flash"": {""A"": 3, ""B"": 1, ""C"": 2}, ""google__gemini-3-flash-preview"": {""A"": 3, ""B"": 1, ""C"": 2}, ""moonshotai__kimi-k2.5"": {""A"": 1, ""B"": 2, ""C"": 3}, ""openai__gpt-5.2"": {""A"": 2, ""B"": 1, ""C"": 3}}"
013,0.4,12,3,"{""B"": 2, ""C"": 3}","{""anthropic__claude-sonnet-4.6"": {""A"": 3, ""B"": 1, ""C"": 2}, ""deepseek__deepseek-v4-flash"": {""A"": 2, ""B"": 3, ""C"": 1}, ""google__gemini-3-flash-preview"": {""A"": 3, ""B"": 1, ""C"": 2}, ""moonshotai__kimi-k2.5"": {""A"": 2, ""B"": 3, ""C"": 1}, ""openai__gpt-5.2"": {""A"": 3, ""B"": 2, ""C"": 1}}"
036,0.4,12,3,"{""A"": 1, ""B"": 4}","{""anthropic__claude-sonnet-4.6"": {""A"": 2, ""B"": 1, ""C"": 3}, ""deepseek__deepseek-v4-flash"": {""A"": 1, ""B"": 3, ""C"": 2}, ""google__gemini-3-flash-preview"": {""A"": 3, ""B"": 1, ""C"": 2}, ""moonshotai__kimi-k2.5"": {""A"": 2, ""B"": 1, ""C"": 3}, ""openai__gpt-5.2"": {""A"": 2, ""B"": 1, ""C"": 3}}"
079,0.4,12,3,"{""A"": 4, ""C"": 1}","{""anthropic__claude-sonnet-4.6"": {""A"": 1, ""B"": 3, ""C"": 2}, ""deepseek__deepseek-v4-flash"": {""A"": 1, ""B"": 2, ""C"": 3}, ""google__gemini-3-flash-preview"": {""A"": 1, ""B"": 3, ""C"": 2}, ""moonshotai__kimi-k2.5"": {""A"": 1, ""B"": 3, ""C"": 2}, ""openai__gpt-5.2"": {""A"": 3, ""B"": 2, ""C"": 1}}"
081,0.4,12,3,"{""A"": 3, ""B"": 1, ""C"": 1}","{""anthropic__claude-sonnet-4.6"": {""A"": 1, ""B"": 2, ""C"": 3}, ""deepseek__deepseek-v4-flash"": {""A"": 1, ""B"": 2, ""C"": 3}, ""google__gemini-3-flash-preview"": {""A"": 2, ""B"": 3, ""C"": 1}, ""moonshotai__kimi-k2.5"": {""A"": 1, ""B"": 2, ""C"": 3}, ""openai__gpt-5.2"": {""A"": 2, ""B"": 1, ""C"": 3}}"
114,0.4,12,3,"{""A"": 3, ""B"": 1, ""C"": 1}","{""anthropic__claude-sonnet-4.6"": {""A"": 1, ""B"": 2, ""C"": 3}, ""deepseek__deepseek-v4-flash"": {""A"": 1, ""B"": 2, ""C"": 3}, ""google__gemini-3-flash-preview"": {""A"": 2, ""B"": 3, ""C"": 1}, ""moonshotai__kimi-k2.5"": {""A"": 1, ""B"": 2, ""C"": 3}, ""openai__gpt-5.2"": {""A"": 2, ""B"": 1, ""C"": 3}}"
130,0.4,12,3,"{""A"": 1, ""B"": 3, ""C"": 1}","{""anthropic__claude-sonnet-4.6"": {""A"": 2, ""B"": 1, ""C"": 3}, ""deepseek__deepseek-v4-flash"": {""A"": 1, ""B"": 2, ""C"": 3}, ""google__gemini-3-flash-preview"": {""A"": 3, ""B"": 2, ""C"": 1}, ""moonshotai__kimi-k2.5"": {""A"": 2, ""B"": 1, ""C"": 3}, ""openai__gpt-5.2"": {""A"": 2, ""B"": 1, ""C"": 3}}"
171,0.4,12,3,"{""A"": 3, ""C"": 2}","{""anthropic__claude-sonnet-4.6"": {""A"": 1, ""B"": 2, ""C"": 3}, ""deepseek__deepseek-v4-flash"": {""A"": 1, ""B"": 2, ""C"": 3}, ""google__gemini-3-flash-preview"": {""A"": 2, ""B"": 3, ""C"": 1}, ""moonshotai__kimi-k2.5"": {""A"": 1, ""B"": 3, ""C"": 2}, ""openai__gpt-5.2"": {""A"": 2, ""B"": 3, ""C"": 1}}"
075,0.4,12,2,"{""B"": 4, ""C"": 1}","{""anthropic__claude-sonnet-4.6"": {""A"": 2, ""B"": 3, ""C"": 1}, ""deepseek__deepseek-v4-flash"": {""A"": 2, ""B"": 1, ""C"": 3}, ""google__gemini-3-flash-preview"": {""A"": 2, ""B"": 1, ""C"": 3}, ""moonshotai__kimi-k2.5"": {""A"": 2, ""B"": 1, ""C"": 3}, ""openai__gpt-5.2"": {""A"": 2, ""B"": 1, ""C"": 3}}"
159,0.4,12,2,"{""B"": 4, ""C"": 1}","{""anthropic__claude-sonnet-4.6"": {""A"": 2, ""B"": 3, ""C"": 1}, ""deepseek__deepseek-v4-flash"": {""A"": 2, ""B"": 1, ""C"": 3}, ""google__gemini-3-flash-preview"": {""A"": 2, ""B"": 1, ""C"": 3}, ""moonshotai__kimi-k2.5"": {""A"": 2, ""B"": 1, ""C"": 3}, ""openai__gpt-5.2"": {""A"": 2, ""B"": 1, ""C"": 3}}"
001,0.333333,10,3,"{""A"": 1, ""C"": 4}","{""anthropic__claude-sonnet-4.6"": {""A"": 2, ""B"": 3, ""C"": 1}, ""deepseek__deepseek-v4-flash"": {""A"": 3, ""B"": 2, ""C"": 1}, ""google__gemini-3-flash-preview"": {""A"": 3, ""B"": 2, ""C"": 1}, ""moonshotai__kimi-k2.5"": {""A"": 1, ""B"": 3, ""C"": 2}, ""openai__gpt-5.2"": {""A"": 3, ""B"": 2, ""C"": 1}}"
002,0.333333,10,3,"{""B"": 2, ""C"": 3}","{""anthropic__claude-sonnet-4.6"": {""A"": 2, ""B"": 3, ""C"": 1}, ""deepseek__deepseek-v4-flash"": {""A"": 3, ""B"": 1, ""C"": 2}, ""google__gemini-3-flash-preview"": {""A"": 3, ""B"": 2, ""C"": 1}, ""moonshotai__kimi-k2.5"": {""A"": 3, ""B"": 2, ""C"": 1}, ""openai__gpt-5.2"": {""A"": 3, ""B"": 1, ""C"": 2}}"
010,0.333333,10,3,"{""A"": 2, ""C"": 3}","{""anthropic__claude-sonnet-4.6"": {""A"": 2, ""B"": 3, ""C"": 1}, ""deepseek__deepseek-v4-flash"": {""A"": 3, ""B"": 2, ""C"": 1}, ""google__gemini-3-flash-preview"": {""A"": 2, ""B"": 3, ""C"": 1}, ""moonshotai__kimi-k2.5"": {""A"": 1, ""B"": 3, ""C"": 2}, ""openai__gpt-5.2"": {""A"": 1, ""B"": 3, ""C"": 2}}"
011,0.333333,10,3,"{""A"": 3, ""B"": 2}","{""anthropic__claude-sonnet-4.6"": {""A"": 2, ""B"": 1, ""C"": 3}, ""deepseek__deepseek-v4-flash"": {""A"": 1, ""B"": 3, ""C"": 2}, ""google__gemini-3-flash-preview"": {""A"": 2, ""B"": 1, ""C"": 3}, ""moonshotai__kimi-k2.5"": {""A"": 1, ""B"": 2, ""C"": 3}, ""openai__gpt-5.2"": {""A"": 1, ""B"": 2, ""C"": 3}}"
020,0.333333,10,3,"{""A"": 1, ""B"": 4}","{""anthropic__claude-sonnet-4.6"": {""A"": 3, ""B"": 1, ""C"": 2}, ""deepseek__deepseek-v4-flash"": {""A"": 3, ""B"": 1, ""C"": 2}, ""google__gemini-3-flash-preview"": {""A"": 2, ""B"": 1, ""C"": 3}, ""moonshotai__kimi-k2.5"": {""A"": 1, ""B"": 2, ""C"": 3}, ""openai__gpt-5.2"": {""A"": 2, ""B"": 1, ""C"": 3}}"
027,0.333333,10,3,"{""A"": 4, ""B"": 1}","{""anthropic__claude-sonnet-4.6"": {""A"": 2, ""B"": 1, ""C"": 3}, ""deepseek__deepseek-v4-flash"": {""A"": 1, ""B"": 3, ""C"": 2}, ""google__gemini-3-flash-preview"": {""A"": 1, ""B"": 3, ""C"": 2}, ""moonshotai__kimi-k2.5"": {""A"": 1, ""B"": 2, ""C"": 3}, ""openai__gpt-5.2"": {""A"": 1, ""B"": 2, ""C"": 3}}"
047,0.333333,10,3,"{""B"": 1, ""C"": 4}","{""anthropic__claude-sonnet-4.6"": {""A"": 2, ""B"": 3, ""C"": 1}, ""deepseek__deepseek-v4-flash"": {""A"": 2, ""B"": 3, ""C"": 1}, ""google__gemini-3-flash-preview"": {""A"": 3, ""B"": 1, ""C"": 2}, ""moonshotai__kimi-k2.5"": {""A"": 2, ""B"": 3, ""C"": 1}, ""openai__gpt-5.2"": {""A"": 3, ""B"": 2, ""C"": 1}}"
057,0.333333,10,3,"{""B"": 2, ""C"": 3}","{""anthropic__claude-sonnet-4.6"": {""A"": 2, ""B"": 3, ""C"": 1}, ""deepseek__deepseek-v4-flash"": {""A"": 3, ""B"": 1, ""C"": 2}, ""google__gemini-3-flash-preview"": {""A"": 3, ""B"": 1, ""C"": 2}, ""moonshotai__kimi-k2.5"": {""A"": 3, ""B"": 2, ""C"": 1}, ""openai__gpt-5.2"": {""A"": 3, ""B"": 2, ""C"": 1}}"
058,0.333333,10,3,"{""A"": 4, ""B"": 1}","{""anthropic__claude-sonnet-4.6"": {""A"": 1, ""B"": 3, ""C"": 2}, ""deepseek__deepseek-v4-flash"": {""A"": 1, ""B"": 2, ""C"": 3}, ""google__gemini-3-flash-preview"": {""A"": 1, ""B"": 3, ""C"": 2}, ""moonshotai__kimi-k2.5"": {""A"": 1, ""B"": 3, ""C"": 2}, ""openai__gpt-5.2"": {""A"": 2, ""B"": 1, ""C"": 3}}"
063,0.333333,10,3,"{""B"": 2, ""C"": 3}","{""anthropic__claude-sonnet-4.6"": {""A"": 3, ""B"": 2, ""C"": 1}, ""deepseek__deepseek-v4-flash"": {""A"": 3, ""B"": 1, ""C"": 2}, ""google__gemini-3-flash-preview"": {""A"": 3, ""B"": 2, ""C"": 1}, ""moonshotai__kimi-k2.5"": {""A"": 2, ""B"": 1, ""C"": 3}, ""openai__gpt-5.2"": {""A"": 3, ""B"": 2, ""C"": 1}}"
078,0.333333,10,3,"{""A"": 4, ""B"": 1}","{""anthropic__claude-sonnet-4.6"": {""A"": 1, ""B"": 2, ""C"": 3}, ""deepseek__deepseek-v4-flash"": {""A"": 1, ""B"": 3, ""C"": 2}, ""google__gemini-3-flash-preview"": {""A"": 2, ""B"": 1, ""C"": 3}, ""moonshotai__kimi-k2.5"": {""A"": 1, ""B"": 2, ""C"": 3}, ""openai__gpt-5.2"": {""A"": 1, ""B"": 3, ""C"": 2}}"
084,0.333333,10,3,"{""A"": 4, ""C"": 1}","{""anthropic__claude-sonnet-4.6"": {""A"": 1, ""B"": 2, ""C"": 3}, ""deepseek__deepseek-v4-flash"": {""A"": 1, ""B"": 3, ""C"": 2}, ""google__gemini-3-flash-preview"": {""A"": 2, ""B"": 3, ""C"": 1}, ""moonshotai__kimi-k2.5"": {""A"": 1, ""B"": 2, ""C"": 3}, ""openai__gpt-5.2"": {""A"": 1, ""B"": 2, ""C"": 3}}"
125,0.333333,10,3,"{""A"": 1, ""B"": 4}","{""anthropic__claude-sonnet-4.6"": {""A"": 3, ""B"": 1, ""C"": 2}, ""deepseek__deepseek-v4-flash"": {""A"": 1, ""B"": 2, ""C"": 3}, ""google__gemini-3-flash-preview"": {""A"": 3, ""B"": 1, ""C"": 2}, ""moonshotai__kimi-k2.5"": {""A"": 2, ""B"": 1, ""C"": 3}, ""openai__gpt-5.2"": {""A"": 3, ""B"": 1, ""C"": 2}}"
128,0.333333,10,3,"{""B"": 1, ""C"": 4}","{""anthropic__claude-sonnet-4.6"": {""A"": 2, ""B"": 3, ""C"": 1}, ""deepseek__deepseek-v4-flash"": {""A"": 2, ""B"": 3, ""C"": 1}, ""google__gemini-3-flash-preview"": {""A"": 3, ""B"": 2, ""C"": 1}, ""moonshotai__kimi-k2.5"": {""A"": 3, ""B"": 1, ""C"": 2}, ""openai__gpt-5.2"": {""A"": 3, ""B"": 2, ""C"": 1}}"
133,0.333333,10,3,"{""A"": 2, ""C"": 3}","{""anthropic__claude-sonnet-4.6"": {""A"": 2, ""B"": 3, ""C"": 1}, ""deepseek__deepseek-v4-flash"": {""A"": 1, ""B"": 2, ""C"": 3}, ""google__gemini-3-flash-preview"": {""A"": 1, ""B"": 3, ""C"": 2}, ""moonshotai__kimi-k2.5"": {""A"": 2, ""B"": 3, ""C"": 1}, ""openai__gpt-5.2"": {""A"": 2, ""B"": 3, ""C"": 1}}"
136,0.333333,10,3,"{""B"": 1, ""C"": 4}","{""anthropic__claude-sonnet-4.6"": {""A"": 2, ""B"": 3, ""C"": 1}, ""deepseek__deepseek-v4-flash"": {""A"": 3, ""B"": 1, ""C"": 2}, ""google__gemini-3-flash-preview"": {""A"": 3, ""B"": 2, ""C"": 1}, ""moonshotai__kimi-k2.5"": {""A"": 2, ""B"": 3, ""C"": 1}, ""openai__gpt-5.2"": {""A"": 3, ""B"": 2, ""C"": 1}}"
152,0.333333,10,3,"{""A"": 1, ""B"": 4}","{""anthropic__claude-sonnet-4.6"": {""A"": 3, ""B"": 1, ""C"": 2}, ""deepseek__deepseek-v4-flash"": {""A"": 3, ""B"": 1, ""C"": 2}, ""google__gemini-3-flash-preview"": {""A"": 2, ""B"": 1, ""C"": 3}, ""moonshotai__kimi-k2.5"": {""A"": 1, ""B"": 2, ""C"": 3}, ""openai__gpt-5.2"": {""A"": 2, ""B"": 1, ""C"": 3}}"
164,0.333333,10,3,"{""B"": 2, ""C"": 3}","{""anthropic__claude-sonnet-4.6"": {""A"": 3, ""B"": 1, ""C"": 2}, ""deepseek__deepseek-v4-flash"": {""A"": 2, ""B"": 1, ""C"": 3}, ""google__gemini-3-flash-preview"": {""A"": 3, ""B"": 2, ""C"": 1}, ""moonshotai__kimi-k2.5"": {""A"": 3, ""B"": 2, ""C"": 1}, ""openai__gpt-5.2"": {""A"": 3, ""B"": 2, ""C"": 1}}"
165,0.333333,10,3,"{""A"": 1, ""B"": 4}","{""anthropic__claude-sonnet-4.6"": {""A"": 2, ""B"": 1, ""C"": 3}, ""deepseek__deepseek-v4-flash"": {""A"": 3, ""B"": 1, ""C"": 2}, ""google__gemini-3-flash-preview"": {""A"": 3, ""B"": 1, ""C"": 2}, ""moonshotai__kimi-k2.5"": {""A"": 1, ""B"": 2, ""C"": 3}, ""openai__gpt-5.2"": {""A"": 3, ""B"": 1, ""C"": 2}}"
184,0.333333,10,3,"{""A"": 1, ""C"": 4}","{""anthropic__claude-sonnet-4.6"": {""A"": 3, ""B"": 2, ""C"": 1}, ""deepseek__deepseek-v4-flash"": {""A"": 1, ""B"": 3, ""C"": 2}, ""google__gemini-3-flash-preview"": {""A"": 3, ""B"": 2, ""C"": 1}, ""moonshotai__kimi-k2.5"": {""A"": 2, ""B"": 3, ""C"": 1}, ""openai__gpt-5.2"": {""A"": 3, ""B"": 2, ""C"": 1}}"
017,0.266667,8,3,"{""A"": 1, ""B"": 4}","{""anthropic__claude-sonnet-4.6"": {""A"": 2, ""B"": 1, ""C"": 3}, ""deepseek__deepseek-v4-flash"": {""A"": 1, ""B"": 2, ""C"": 3}, ""google__gemini-3-flash-preview"": {""A"": 3, ""B"": 1, ""C"": 2}, ""moonshotai__kimi-k2.5"": {""A"": 2, ""B"": 1, ""C"": 3}, ""openai__gpt-5.2"": {""A"": 2, ""B"": 1, ""C"": 3}}"
025,0.266667,8,3,"{""A"": 4, ""C"": 1}","{""anthropic__claude-sonnet-4.6"": {""A"": 2, ""B"": 3, ""C"": 1}, ""deepseek__deepseek-v4-flash"": {""A"": 1, ""B"": 2, ""C"": 3}, ""google__gemini-3-flash-preview"": {""A"": 1, ""B"": 3, ""C"": 2}, ""moonshotai__kimi-k2.5"": {""A"": 1, ""B"": 3, ""C"": 2}, ""openai__gpt-5.2"": {""A"": 1, ""B"": 3, ""C"": 2}}"
048,0.266667,8,3,"{""A"": 1, ""C"": 4}","{""anthropic__claude-sonnet-4.6"": {""A"": 2, ""B"": 3, ""C"": 1}, ""deepseek__deepseek-v4-flash"": {""A"": 2, ""B"": 3, ""C"": 1}, ""google__gemini-3-flash-preview"": {""A"": 3, ""B"": 2, ""C"": 1}, ""moonshotai__kimi-k2.5"": {""A"": 1, ""B"": 3, ""C"": 2}, ""openai__gpt-5.2"": {""A"": 2, ""B"": 3, ""C"": 1}}"
050,0.266667,8,3,"{""B"": 1, ""C"": 4}","{""anthropic__claude-sonnet-4.6"": {""A"": 3, ""B"": 2, ""C"": 1}, ""deepseek__deepseek-v4-flash"": {""A"": 3, ""B"": 1, ""C"": 2}, ""google__gemini-3-flash-preview"": {""A"": 3, ""B"": 2, ""C"": 1}, ""moonshotai__kimi-k2.5"": {""A"": 2, ""B"": 3, ""C"": 1}, ""openai__gpt-5.2"": {""A"": 3, ""B"": 2, ""C"": 1}}"
054,0.266667,8,3,"{""A"": 1, ""C"": 4}","{""anthropic__claude-sonnet-4.6"": {""A"": 2, ""B"": 3, ""C"": 1}, ""deepseek__deepseek-v4-flash"": {""A"": 1, ""B"": 3, ""C"": 2}, ""google__gemini-3-flash-preview"": {""A"": 3, ""B"": 2, ""C"": 1}, ""moonshotai__kimi-k2.5"": {""A"": 2, ""B"": 3, ""C"": 1}, ""openai__gpt-5.2"": {""A"": 2, ""B"": 3, ""C"": 1}}"
038,0.266667,8,2,"{""B"": 4, ""C"": 1}","{""anthropic__claude-sonnet-4.6"": {""A"": 2, ""B"": 1, ""C"": 3}, ""deepseek__deepseek-v4-flash"": {""A"": 3, ""B"": 2, ""C"": 1}, ""google__gemini-3-flash-preview"": {""A"": 2, ""B"": 1, ""C"": 3}, ""moonshotai__kimi-k2.5"": {""A"": 2, ""B"": 1, ""C"": 3}, ""openai__gpt-5.2"": {""A"": 2, ""B"": 1, ""C"": 3}}"
093,0.266667,8,2,"{""A"": 1, ""B"": 4}","{""anthropic__claude-sonnet-4.6"": {""A"": 3, ""B"": 1, ""C"": 2}, ""deepseek__deepseek-v4-flash"": {""A"": 3, ""B"": 1, ""C"": 2}, ""google__gemini-3-flash-preview"": {""A"": 3, ""B"": 1, ""C"": 2}, ""moonshotai__kimi-k2.5"": {""A"": 1, ""B"": 2, ""C"": 3}, ""openai__gpt-5.2"": {""A"": 3, ""B"": 1, ""C"": 2}}"
154,0.266667,8,2,"{""A"": 1, ""B"": 4}","{""anthropic__claude-sonnet-4.6"": {""A"": 1, ""B"": 2, ""C"": 3}, ""deepseek__deepseek-v4-flash"": {""A"": 3, ""B"": 1, ""C"": 2}, ""google__gemini-3-flash-preview"": {""A"": 3, ""B"": 1, ""C"": 2}, ""moonshotai__kimi-k2.5"": {""A"": 3, ""B"": 1, ""C"": 2}, ""openai__gpt-5.2"": {""A"": 3, ""B"": 1, ""C"": 2}}"
005,0.2,6,2,"{""B"": 5}","{""anthropic__claude-sonnet-4.6"": {""A"": 2, ""B"": 1, ""C"": 3}, ""deepseek__deepseek-v4-flash"": {""A"": 3, ""B"": 1, ""C"": 2}, ""google__gemini-3-flash-preview"": {""A"": 3, ""B"": 1, ""C"": 2}, ""moonshotai__kimi-k2.5"": {""A"": 2, ""B"": 1, ""C"": 3}, ""openai__gpt-5.2"": {""A"": 3, ""B"": 1, ""C"": 2}}"
014,0.2,6,2,"{""B"": 5}","{""anthropic__claude-sonnet-4.6"": {""A"": 2, ""B"": 1, ""C"": 3}, ""deepseek__deepseek-v4-flash"": {""A"": 2, ""B"": 1, ""C"": 3}, ""google__gemini-3-flash-preview"": {""A"": 3, ""B"": 1, ""C"": 2}, ""moonshotai__kimi-k2.5"": {""A"": 3, ""B"": 1, ""C"": 2}, ""openai__gpt-5.2"": {""A"": 2, ""B"": 1, ""C"": 3}}"
018,0.2,6,2,"{""B"": 5}","{""anthropic__claude-sonnet-4.6"": {""A"": 3, ""B"": 1, ""C"": 2}, ""deepseek__deepseek-v4-flash"": {""A"": 2, ""B"": 1, ""C"": 3}, ""google__gemini-3-flash-preview"": {""A"": 3, ""B"": 1, ""C"": 2}, ""moonshotai__kimi-k2.5"": {""A"": 2, ""B"": 1, ""C"": 3}, ""openai__gpt-5.2"": {""A"": 2, ""B"": 1, ""C"": 3}}"
019,0.2,6,2,"{""B"": 5}","{""anthropic__claude-sonnet-4.6"": {""A"": 2, ""B"": 1, ""C"": 3}, ""deepseek__deepseek-v4-flash"": {""A"": 3, ""B"": 1, ""C"": 2}, ""google__gemini-3-flash-preview"": {""A"": 3, ""B"": 1, ""C"": 2}, ""moonshotai__kimi-k2.5"": {""A"": 2, ""B"": 1, ""C"": 3}, ""openai__gpt-5.2"": {""A"": 2, ""B"": 1, ""C"": 3}}"
023,0.2,6,2,"{""A"": 5}","{""anthropic__claude-sonnet-4.6"": {""A"": 1, ""B"": 2, ""C"": 3}, ""deepseek__deepseek-v4-flash"": {""A"": 1, ""B"": 3, ""C"": 2}, ""google__gemini-3-flash-preview"": {""A"": 1, ""B"": 3, ""C"": 2}, ""moonshotai__kimi-k2.5"": {""A"": 1, ""B"": 2, ""C"": 3}, ""openai__gpt-5.2"": {""A"": 1, ""B"": 2, ""C"": 3}}"
026,0.2,6,2,"{""B"": 5}","{""anthropic__claude-sonnet-4.6"": {""A"": 3, ""B"": 1, ""C"": 2}, ""deepseek__deepseek-v4-flash"": {""A"": 2, ""B"": 1, ""C"": 3}, ""google__gemini-3-flash-preview"": {""A"": 3, ""B"": 1, ""C"": 2}, ""moonshotai__kimi-k2.5"": {""A"": 2, ""B"": 1, ""C"": 3}, ""openai__gpt-5.2"": {""A"": 2, ""B"": 1, ""C"": 3}}"
028,0.2,6,2,"{""A"": 2, ""C"": 3}","{""anthropic__claude-sonnet-4.6"": {""A"": 2, ""B"": 3, ""C"": 1}, ""deepseek__deepseek-v4-flash"": {""A"": 1, ""B"": 3, ""C"": 2}, ""google__gemini-3-flash-preview"": {""A"": 2, ""B"": 3, ""C"": 1}, ""moonshotai__kimi-k2.5"": {""A"": 1, ""B"": 3, ""C"": 2}, ""openai__gpt-5.2"": {""A"": 2, ""B"": 3, ""C"": 1}}"
032,0.2,6,2,"{""A"": 5}","{""anthropic__claude-sonnet-4.6"": {""A"": 1, ""B"": 2, ""C"": 3}, ""deepseek__deepseek-v4-flash"": {""A"": 1, ""B"": 3, ""C"": 2}, ""google__gemini-3-flash-preview"": {""A"": 1, ""B"": 2, ""C"": 3}, ""moonshotai__kimi-k2.5"": {""A"": 1, ""B"": 2, ""C"": 3}, ""openai__gpt-5.2"": {""A"": 1, ""B"": 3, ""C"": 2}}"
033,0.2,6,2,"{""B"": 5}","{""anthropic__claude-sonnet-4.6"": {""A"": 3, ""B"": 1, ""C"": 2}, ""deepseek__deepseek-v4-flash"": {""A"": 2, ""B"": 1, ""C"": 3}, ""google__gemini-3-flash-preview"": {""A"": 3, ""B"": 1, ""C"": 2}, ""moonshotai__kimi-k2.5"": {""A"": 2, ""B"": 1, ""C"": 3}, ""openai__gpt-5.2"": {""A"": 2, ""B"": 1, ""C"": 3}}"
044,0.2,6,2,"{""B"": 5}","{""anthropic__claude-sonnet-4.6"": {""A"": 3, ""B"": 1, ""C"": 2}, ""deepseek__deepseek-v4-flash"": {""A"": 3, ""B"": 1, ""C"": 2}, ""google__gemini-3-flash-preview"": {""A"": 2, ""B"": 1, ""C"": 3}, ""moonshotai__kimi-k2.5"": {""A"": 2, ""B"": 1, ""C"": 3}, ""openai__gpt-5.2"": {""A"": 2, ""B"": 1, ""C"": 3}}"
051,0.2,6,2,"{""A"": 2, ""B"": 3}","{""anthropic__claude-sonnet-4.6"": {""A"": 2, ""B"": 1, ""C"": 3}, ""deepseek__deepseek-v4-flash"": {""A"": 1, ""B"": 2, ""C"": 3}, ""google__gemini-3-flash-preview"": {""A"": 2, ""B"": 1, ""C"": 3}, ""moonshotai__kimi-k2.5"": {""A"": 1, ""B"": 2, ""C"": 3}, ""openai__gpt-5.2"": {""A"": 2, ""B"": 1, ""C"": 3}}"
055,0.2,6,2,"{""C"": 5}","{""anthropic__claude-sonnet-4.6"": {""A"": 2, ""B"": 3, ""C"": 1}, ""deepseek__deepseek-v4-flash"": {""A"": 3, ""B"": 2, ""C"": 1}, ""google__gemini-3-flash-preview"": {""A"": 3, ""B"": 2, ""C"": 1}, ""moonshotai__kimi-k2.5"": {""A"": 2, ""B"": 3, ""C"": 1}, ""openai__gpt-5.2"": {""A"": 2, ""B"": 3, ""C"": 1}}"
059,0.2,6,2,"{""A"": 5}","{""anthropic__claude-sonnet-4.6"": {""A"": 1, ""B"": 2, ""C"": 3}, ""deepseek__deepseek-v4-flash"": {""A"": 1, ""B"": 3, ""C"": 2}, ""google__gemini-3-flash-preview"": {""A"": 1, ""B"": 3, ""C"": 2}, ""moonshotai__kimi-k2.5"": {""A"": 1, ""B"": 2, ""C"": 3}, ""openai__gpt-5.2"": {""A"": 1, ""B"": 3, ""C"": 2}}"
061,0.2,6,2,"{""B"": 5}","{""anthropic__claude-sonnet-4.6"": {""A"": 2, ""B"": 1, ""C"": 3}, ""deepseek__deepseek-v4-flash"": {""A"": 2, ""B"": 1, ""C"": 3}, ""google__gemini-3-flash-preview"": {""A"": 3, ""B"": 1, ""C"": 2}, ""moonshotai__kimi-k2.5"": {""A"": 3, ""B"": 1, ""C"": 2}, ""openai__gpt-5.2"": {""A"": 3, ""B"": 1, ""C"": 2}}"
068,0.2,6,2,"{""C"": 5}","{""anthropic__claude-sonnet-4.6"": {""A"": 3, ""B"": 2, ""C"": 1}, ""deepseek__deepseek-v4-flash"": {""A"": 2, ""B"": 3, ""C"": 1}, ""google__gemini-3-flash-preview"": {""A"": 3, ""B"": 2, ""C"": 1}, ""moonshotai__kimi-k2.5"": {""A"": 2, ""B"": 3, ""C"": 1}, ""openai__gpt-5.2"": {""A"": 2, ""B"": 3, ""C"": 1}}"
069,0.2,6,2,"{""C"": 5}","{""anthropic__claude-sonnet-4.6"": {""A"": 3, ""B"": 2, ""C"": 1}, ""deepseek__deepseek-v4-flash"": {""A"": 3, ""B"": 2, ""C"": 1}, ""google__gemini-3-flash-preview"": {""A"": 3, ""B"": 2, ""C"": 1}, ""moonshotai__kimi-k2.5"": {""A"": 2, ""B"": 3, ""C"": 1}, ""openai__gpt-5.2"": {""A"": 2, ""B"": 3, ""C"": 1}}"
071,0.2,6,2,"{""A"": 5}","{""anthropic__claude-sonnet-4.6"": {""A"": 1, ""B"": 2, ""C"": 3}, ""deepseek__deepseek-v4-flash"": {""A"": 1, ""B"": 3, ""C"": 2}, ""google__gemini-3-flash-preview"": {""A"": 1, ""B"": 2, ""C"": 3}, ""moonshotai__kimi-k2.5"": {""A"": 1, ""B"": 3, ""C"": 2}, ""openai__gpt-5.2"": {""A"": 1, ""B"": 3, ""C"": 2}}"
073,0.2,6,2,"{""B"": 5}","{""anthropic__claude-sonnet-4.6"": {""A"": 2, ""B"": 1, ""C"": 3}, ""deepseek__deepseek-v4-flash"": {""A"": 3, ""B"": 1, ""C"": 2}, ""google__gemini-3-flash-preview"": {""A"": 3, ""B"": 1, ""C"": 2}, ""moonshotai__kimi-k2.5"": {""A"": 2, ""B"": 1, ""C"": 3}, ""openai__gpt-5.2"": {""A"": 2, ""B"": 1, ""C"": 3}}"
087,0.2,6,2,"{""A"": 5}","{""anthropic__claude-sonnet-4.6"": {""A"": 1, ""B"": 2, ""C"": 3}, ""deepseek__deepseek-v4-flash"": {""A"": 1, ""B"": 2, ""C"": 3}, ""google__gemini-3-flash-preview"": {""A"": 1, ""B"": 3, ""C"": 2}, ""moonshotai__kimi-k2.5"": {""A"": 1, ""B"": 3, ""C"": 2}, ""openai__gpt-5.2"": {""A"": 1, ""B"": 3, ""C"": 2}}"
088,0.2,6,2,"{""B"": 5}","{""anthropic__claude-sonnet-4.6"": {""A"": 3, ""B"": 1, ""C"": 2}, ""deepseek__deepseek-v4-flash"": {""A"": 2, ""B"": 1, ""C"": 3}, ""google__gemini-3-flash-preview"": {""A"": 3, ""B"": 1, ""C"": 2}, ""moonshotai__kimi-k2.5"": {""A"": 2, ""B"": 1, ""C"": 3}, ""openai__gpt-5.2"": {""A"": 2, ""B"": 1, ""C"": 3}}"
090,0.2,6,2,"{""A"": 5}","{""anthropic__claude-sonnet-4.6"": {""A"": 1, ""B"": 2, ""C"": 3}, ""deepseek__deepseek-v4-flash"": {""A"": 1, ""B"": 2, ""C"": 3}, ""google__gemini-3-flash-preview"": {""A"": 1, ""B"": 3, ""C"": 2}, ""moonshotai__kimi-k2.5"": {""A"": 1, ""B"": 3, ""C"": 2}, ""openai__gpt-5.2"": {""A"": 1, ""B"": 2, ""C"": 3}}"
091,0.2,6,2,"{""B"": 5}","{""anthropic__claude-sonnet-4.6"": {""A"": 2, ""B"": 1, ""C"": 3}, ""deepseek__deepseek-v4-flash"": {""A"": 3, ""B"": 1, ""C"": 2}, ""google__gemini-3-flash-preview"": {""A"": 3, ""B"": 1, ""C"": 2}, ""moonshotai__kimi-k2.5"": {""A"": 2, ""B"": 1, ""C"": 3}, ""openai__gpt-5.2"": {""A"": 2, ""B"": 1, ""C"": 3}}"
108,0.2,6,2,"{""A"": 5}","{""anthropic__claude-sonnet-4.6"": {""A"": 1, ""B"": 2, ""C"": 3}, ""deepseek__deepseek-v4-flash"": {""A"": 1, ""B"": 3, ""C"": 2}, ""google__gemini-3-flash-preview"": {""A"": 1, ""B"": 3, ""C"": 2}, ""moonshotai__kimi-k2.5"": {""A"": 1, ""B"": 2, ""C"": 3}, ""openai__gpt-5.2"": {""A"": 1, ""B"": 3, ""C"": 2}}"
116,0.2,6,2,"{""B"": 5}","{""anthropic__claude-sonnet-4.6"": {""A"": 3, ""B"": 1, ""C"": 2}, ""deepseek__deepseek-v4-flash"": {""A"": 2, ""B"": 1, ""C"": 3}, ""google__gemini-3-flash-preview"": {""A"": 3, ""B"": 1, ""C"": 2}, ""moonshotai__kimi-k2.5"": {""A"": 2, ""B"": 1, ""C"": 3}, ""openai__gpt-5.2"": {""A"": 2, ""B"": 1, ""C"": 3}}"
118,0.2,6,2,"{""B"": 5}","{""anthropic__claude-sonnet-4.6"": {""A"": 3, ""B"": 1, ""C"": 2}, ""deepseek__deepseek-v4-flash"": {""A"": 2, ""B"": 1, ""C"": 3}, ""google__gemini-3-flash-preview"": {""A"": 3, ""B"": 1, ""C"": 2}, ""moonshotai__kimi-k2.5"": {""A"": 2, ""B"": 1, ""C"": 3}, ""openai__gpt-5.2"": {""A"": 2, ""B"": 1, ""C"": 3}}"
119,0.2,6,2,"{""A"": 5}","{""anthropic__claude-sonnet-4.6"": {""A"": 1, ""B"": 2, ""C"": 3}, ""deepseek__deepseek-v4-flash"": {""A"": 1, ""B"": 3, ""C"": 2}, ""google__gemini-3-flash-preview"": {""A"": 1, ""B"": 2, ""C"": 3}, ""moonshotai__kimi-k2.5"": {""A"": 1, ""B"": 3, ""C"": 2}, ""openai__gpt-5.2"": {""A"": 1, ""B"": 2, ""C"": 3}}"
121,0.2,6,2,"{""C"": 5}","{""anthropic__claude-sonnet-4.6"": {""A"": 3, ""B"": 2, ""C"": 1}, ""deepseek__deepseek-v4-flash"": {""A"": 2, ""B"": 3, ""C"": 1}, ""google__gemini-3-flash-preview"": {""A"": 3, ""B"": 2, ""C"": 1}, ""moonshotai__kimi-k2.5"": {""A"": 3, ""B"": 2, ""C"": 1}, ""openai__gpt-5.2"": {""A"": 2, ""B"": 3, ""C"": 1}}"
134,0.2,6,2,"{""C"": 5}","{""anthropic__claude-sonnet-4.6"": {""A"": 2, ""B"": 3, ""C"": 1}, ""deepseek__deepseek-v4-flash"": {""A"": 2, ""B"": 3, ""C"": 1}, ""google__gemini-3-flash-preview"": {""A"": 3, ""B"": 2, ""C"": 1}, ""moonshotai__kimi-k2.5"": {""A"": 2, ""B"": 3, ""C"": 1}, ""openai__gpt-5.2"": {""A"": 3, ""B"": 2, ""C"": 1}}"
142,0.2,6,2,"{""B"": 5}","{""anthropic__claude-sonnet-4.6"": {""A"": 3, ""B"": 1, ""C"": 2}, ""deepseek__deepseek-v4-flash"": {""A"": 3, ""B"": 1, ""C"": 2}, ""google__gemini-3-flash-preview"": {""A"": 3, ""B"": 1, ""C"": 2}, ""moonshotai__kimi-k2.5"": {""A"": 2, ""B"": 1, ""C"": 3}, ""openai__gpt-5.2"": {""A"": 2, ""B"": 1, ""C"": 3}}"
144,0.2,6,2,"{""B"": 3, ""C"": 2}","{""anthropic__claude-sonnet-4.6"": {""A"": 3, ""B"": 1, ""C"": 2}, ""deepseek__deepseek-v4-flash"": {""A"": 3, ""B"": 2, ""C"": 1}, ""google__gemini-3-flash-preview"": {""A"": 3, ""B"": 2, ""C"": 1}, ""moonshotai__kimi-k2.5"": {""A"": 3, ""B"": 1, ""C"": 2}, ""openai__gpt-5.2"": {""A"": 3, ""B"": 1, ""C"": 2}}"
148,0.2,6,2,"{""A"": 5}","{""anthropic__claude-sonnet-4.6"": {""A"": 1, ""B"": 2, ""C"": 3}, ""deepseek__deepseek-v4-flash"": {""A"": 1, ""B"": 2, ""C"": 3}, ""google__gemini-3-flash-preview"": {""A"": 1, ""B"": 3, ""C"": 2}, ""moonshotai__kimi-k2.5"": {""A"": 1, ""B"": 3, ""C"": 2}, ""openai__gpt-5.2"": {""A"": 1, ""B"": 2, ""C"": 3}}"
150,0.2,6,2,"{""C"": 5}","{""anthropic__claude-sonnet-4.6"": {""A"": 2, ""B"": 3, ""C"": 1}, ""deepseek__deepseek-v4-flash"": {""A"": 2, ""B"": 3, ""C"": 1}, ""google__gemini-3-flash-preview"": {""A"": 3, ""B"": 2, ""C"": 1}, ""moonshotai__kimi-k2.5"": {""A"": 2, ""B"": 3, ""C"": 1}, ""openai__gpt-5.2"": {""A"": 3, ""B"": 2, ""C"": 1}}"
153,0.2,6,2,"{""B"": 2, ""C"": 3}","{""anthropic__claude-sonnet-4.6"": {""A"": 3, ""B"": 2, ""C"": 1}, ""deepseek__deepseek-v4-flash"": {""A"": 3, ""B"": 1, ""C"": 2}, ""google__gemini-3-flash-preview"": {""A"": 3, ""B"": 1, ""C"": 2}, ""moonshotai__kimi-k2.5"": {""A"": 3, ""B"": 2, ""C"": 1}, ""openai__gpt-5.2"": {""A"": 3, ""B"": 2, ""C"": 1}}"
156,0.2,6,2,"{""B"": 3, ""C"": 2}","{""anthropic__claude-sonnet-4.6"": {""A"": 3, ""B"": 1, ""C"": 2}, ""deepseek__deepseek-v4-flash"": {""A"": 3, ""B"": 1, ""C"": 2}, ""google__gemini-3-flash-preview"": {""A"": 3, ""B"": 2, ""C"": 1}, ""moonshotai__kimi-k2.5"": {""A"": 3, ""B"": 1, ""C"": 2}, ""openai__gpt-5.2"": {""A"": 3, ""B"": 2, ""C"": 1}}"
160,0.2,6,2,"{""B"": 5}","{""anthropic__claude-sonnet-4.6"": {""A"": 3, ""B"": 1, ""C"": 2}, ""deepseek__deepseek-v4-flash"": {""A"": 2, ""B"": 1, ""C"": 3}, ""google__gemini-3-flash-preview"": {""A"": 3, ""B"": 1, ""C"": 2}, ""moonshotai__kimi-k2.5"": {""A"": 2, ""B"": 1, ""C"": 3}, ""openai__gpt-5.2"": {""A"": 2, ""B"": 1, ""C"": 3}}"
162,0.2,6,2,"{""C"": 5}","{""anthropic__claude-sonnet-4.6"": {""A"": 2, ""B"": 3, ""C"": 1}, ""deepseek__deepseek-v4-flash"": {""A"": 3, ""B"": 2, ""C"": 1}, ""google__gemini-3-flash-preview"": {""A"": 3, ""B"": 2, ""C"": 1}, ""moonshotai__kimi-k2.5"": {""A"": 2, ""B"": 3, ""C"": 1}, ""openai__gpt-5.2"": {""A"": 2, ""B"": 3, ""C"": 1}}"
163,0.2,6,2,"{""A"": 5}","{""anthropic__claude-sonnet-4.6"": {""A"": 1, ""B"": 2, ""C"": 3}, ""deepseek__deepseek-v4-flash"": {""A"": 1, ""B"": 2, ""C"": 3}, ""google__gemini-3-flash-preview"": {""A"": 1, ""B"": 3, ""C"": 2}, ""moonshotai__kimi-k2.5"": {""A"": 1, ""B"": 3, ""C"": 2}, ""openai__gpt-5.2"": {""A"": 1, ""B"": 2, ""C"": 3}}"
168,0.2,6,2,"{""C"": 5}","{""anthropic__claude-sonnet-4.6"": {""A"": 2, ""B"": 3, ""C"": 1}, ""deepseek__deepseek-v4-flash"": {""A"": 3, ""B"": 2, ""C"": 1}, ""google__gemini-3-flash-preview"": {""A"": 3, ""B"": 2, ""C"": 1}, ""moonshotai__kimi-k2.5"": {""A"": 2, ""B"": 3, ""C"": 1}, ""openai__gpt-5.2"": {""A"": 3, ""B"": 2, ""C"": 1}}"
172,0.2,6,2,"{""A"": 5}","{""anthropic__claude-sonnet-4.6"": {""A"": 1, ""B"": 2, ""C"": 3}, ""deepseek__deepseek-v4-flash"": {""A"": 1, ""B"": 3, ""C"": 2}, ""google__gemini-3-flash-preview"": {""A"": 1, ""B"": 2, ""C"": 3}, ""moonshotai__kimi-k2.5"": {""A"": 1, ""B"": 2, ""C"": 3}, ""openai__gpt-5.2"": {""A"": 1, ""B"": 3, ""C"": 2}}"
176,0.2,6,2,"{""A"": 2, ""B"": 3}","{""anthropic__claude-sonnet-4.6"": {""A"": 2, ""B"": 1, ""C"": 3}, ""deepseek__deepseek-v4-flash"": {""A"": 1, ""B"": 2, ""C"": 3}, ""google__gemini-3-flash-preview"": {""A"": 2, ""B"": 1, ""C"": 3}, ""moonshotai__kimi-k2.5"": {""A"": 2, ""B"": 1, ""C"": 3}, ""openai__gpt-5.2"": {""A"": 1, ""B"": 2, ""C"": 3}}"
182,0.2,6,2,"{""A"": 3, ""C"": 2}","{""anthropic__claude-sonnet-4.6"": {""A"": 2, ""B"": 3, ""C"": 1}, ""deepseek__deepseek-v4-flash"": {""A"": 1, ""B"": 3, ""C"": 2}, ""google__gemini-3-flash-preview"": {""A"": 1, ""B"": 3, ""C"": 2}, ""moonshotai__kimi-k2.5"": {""A"": 1, ""B"": 3, ""C"": 2}, ""openai__gpt-5.2"": {""A"": 2, ""B"": 3, ""C"": 1}}"
183,0.2,6,2,"{""B"": 2, ""C"": 3}","{""anthropic__claude-sonnet-4.6"": {""A"": 3, ""B"": 1, ""C"": 2}, ""deepseek__deepseek-v4-flash"": {""A"": 3, ""B"": 1, ""C"": 2}, ""google__gemini-3-flash-preview"": {""A"": 3, ""B"": 2, ""C"": 1}, ""moonshotai__kimi-k2.5"": {""A"": 3, ""B"": 2, ""C"": 1}, ""openai__gpt-5.2"": {""A"": 3, ""B"": 2, ""C"": 1}}"
190,0.2,6,2,"{""B"": 5}","{""anthropic__claude-sonnet-4.6"": {""A"": 3, ""B"": 1, ""C"": 2}, ""deepseek__deepseek-v4-flash"": {""A"": 3, ""B"": 1, ""C"": 2}, ""google__gemini-3-flash-preview"": {""A"": 3, ""B"": 1, ""C"": 2}, ""moonshotai__kimi-k2.5"": {""A"": 2, ""B"": 1, ""C"": 3}, ""openai__gpt-5.2"": {""A"": 2, ""B"": 1, ""C"": 3}}"
191,0.2,6,2,"{""A"": 2, ""C"": 3}","{""anthropic__claude-sonnet-4.6"": {""A"": 2, ""B"": 3, ""C"": 1}, ""deepseek__deepseek-v4-flash"": {""A"": 2, ""B"": 3, ""C"": 1}, ""google__gemini-3-flash-preview"": {""A"": 1, ""B"": 3, ""C"": 2}, ""moonshotai__kimi-k2.5"": {""A"": 1, ""B"": 3, ""C"": 2}, ""openai__gpt-5.2"": {""A"": 2, ""B"": 3, ""C"": 1}}"
007,0.133333,4,2,"{""B"": 1, ""C"": 4}","{""anthropic__claude-sonnet-4.6"": {""A"": 3, ""B"": 2, ""C"": 1}, ""deepseek__deepseek-v4-flash"": {""A"": 3, ""B"": 1, ""C"": 2}, ""google__gemini-3-flash-preview"": {""A"": 3, ""B"": 2, ""C"": 1}, ""moonshotai__kimi-k2.5"": {""A"": 3, ""B"": 2, ""C"": 1}, ""openai__gpt-5.2"": {""A"": 3, ""B"": 2, ""C"": 1}}"
012,0.133333,4,2,"{""B"": 1, ""C"": 4}","{""anthropic__claude-sonnet-4.6"": {""A"": 3, ""B"": 2, ""C"": 1}, ""deepseek__deepseek-v4-flash"": {""A"": 3, ""B"": 2, ""C"": 1}, ""google__gemini-3-flash-preview"": {""A"": 3, ""B"": 2, ""C"": 1}, ""moonshotai__kimi-k2.5"": {""A"": 3, ""B"": 1, ""C"": 2}, ""openai__gpt-5.2"": {""A"": 3, ""B"": 2, ""C"": 1}}"
021,0.133333,4,2,"{""A"": 4, ""C"": 1}","{""anthropic__claude-sonnet-4.6"": {""A"": 1, ""B"": 3, ""C"": 2}, ""deepseek__deepseek-v4-flash"": {""A"": 1, ""B"": 3, ""C"": 2}, ""google__gemini-3-flash-preview"": {""A"": 1, ""B"": 3, ""C"": 2}, ""moonshotai__kimi-k2.5"": {""A"": 1, ""B"": 3, ""C"": 2}, ""openai__gpt-5.2"": {""A"": 2, ""B"": 3, ""C"": 1}}"
022,0.133333,4,2,"{""A"": 4, ""B"": 1}","{""anthropic__claude-sonnet-4.6"": {""A"": 2, ""B"": 1, ""C"": 3}, ""deepseek__deepseek-v4-flash"": {""A"": 1, ""B"": 2, ""C"": 3}, ""google__gemini-3-flash-preview"": {""A"": 1, ""B"": 2, ""C"": 3}, ""moonshotai__kimi-k2.5"": {""A"": 1, ""B"": 2, ""C"": 3}, ""openai__gpt-5.2"": {""A"": 1, ""B"": 2, ""C"": 3}}"
029,0.133333,4,2,"{""C"": 5}","{""anthropic__claude-sonnet-4.6"": {""A"": 3, ""B"": 2, ""C"": 1}, ""deepseek__deepseek-v4-flash"": {""A"": 3, ""B"": 2, ""C"": 1}, ""google__gemini-3-flash-preview"": {""A"": 3, ""B"": 2, ""C"": 1}, ""moonshotai__kimi-k2.5"": {""A"": 2, ""B"": 3, ""C"": 1}, ""openai__gpt-5.2"": {""A"": 3, ""B"": 2, ""C"": 1}}"
035,0.133333,4,2,"{""A"": 4, ""B"": 1}","{""anthropic__claude-sonnet-4.6"": {""A"": 1, ""B"": 2, ""C"": 3}, ""deepseek__deepseek-v4-flash"": {""A"": 2, ""B"": 1, ""C"": 3}, ""google__gemini-3-flash-preview"": {""A"": 1, ""B"": 2, ""C"": 3}, ""moonshotai__kimi-k2.5"": {""A"": 1, ""B"": 2, ""C"": 3}, ""openai__gpt-5.2"": {""A"": 1, ""B"": 2, ""C"": 3}}"
039,0.133333,4,2,"{""C"": 5}","{""anthropic__claude-sonnet-4.6"": {""A"": 2, ""B"": 3, ""C"": 1}, ""deepseek__deepseek-v4-flash"": {""A"": 2, ""B"": 3, ""C"": 1}, ""google__gemini-3-flash-preview"": {""A"": 3, ""B"": 2, ""C"": 1}, ""moonshotai__kimi-k2.5"": {""A"": 2, ""B"": 3, ""C"": 1}, ""openai__gpt-5.2"": {""A"": 2, ""B"": 3, ""C"": 1}}"
041,0.133333,4,2,"{""B"": 5}","{""anthropic__claude-sonnet-4.6"": {""A"": 3, ""B"": 1, ""C"": 2}, ""deepseek__deepseek-v4-flash"": {""A"": 3, ""B"": 1, ""C"": 2}, ""google__gemini-3-flash-preview"": {""A"": 3, ""B"": 1, ""C"": 2}, ""moonshotai__kimi-k2.5"": {""A"": 2, ""B"": 1, ""C"": 3}, ""openai__gpt-5.2"": {""A"": 3, ""B"": 1, ""C"": 2}}"
053,0.133333,4,2,"{""A"": 5}","{""anthropic__claude-sonnet-4.6"": {""A"": 1, ""B"": 2, ""C"": 3}, ""deepseek__deepseek-v4-flash"": {""A"": 1, ""B"": 2, ""C"": 3}, ""google__gemini-3-flash-preview"": {""A"": 1, ""B"": 3, ""C"": 2}, ""moonshotai__kimi-k2.5"": {""A"": 1, ""B"": 2, ""C"": 3}, ""openai__gpt-5.2"": {""A"": 1, ""B"": 2, ""C"": 3}}"
056,0.133333,4,2,"{""B"": 5}","{""anthropic__claude-sonnet-4.6"": {""A"": 3, ""B"": 1, ""C"": 2}, ""deepseek__deepseek-v4-flash"": {""A"": 3, ""B"": 1, ""C"": 2}, ""google__gemini-3-flash-preview"": {""A"": 3, ""B"": 1, ""C"": 2}, ""moonshotai__kimi-k2.5"": {""A"": 2, ""B"": 1, ""C"": 3}, ""openai__gpt-5.2"": {""A"": 3, ""B"": 1, ""C"": 2}}"
066,0.133333,4,2,"{""C"": 5}","{""anthropic__claude-sonnet-4.6"": {""A"": 2, ""B"": 3, ""C"": 1}, ""deepseek__deepseek-v4-flash"": {""A"": 2, ""B"": 3, ""C"": 1}, ""google__gemini-3-flash-preview"": {""A"": 3, ""B"": 2, ""C"": 1}, ""moonshotai__kimi-k2.5"": {""A"": 2, ""B"": 3, ""C"": 1}, ""openai__gpt-5.2"": {""A"": 2, ""B"": 3, ""C"": 1}}"
067,0.133333,4,2,"{""A"": 4, ""C"": 1}","{""anthropic__claude-sonnet-4.6"": {""A"": 1, ""B"": 3, ""C"": 2}, ""deepseek__deepseek-v4-flash"": {""A"": 1, ""B"": 3, ""C"": 2}, ""google__gemini-3-flash-preview"": {""A"": 1, ""B"": 3, ""C"": 2}, ""moonshotai__kimi-k2.5"": {""A"": 1, ""B"": 3, ""C"": 2}, ""openai__gpt-5.2"": {""A"": 2, ""B"": 3, ""C"": 1}}"
070,0.133333,4,2,"{""B"": 1, ""C"": 4}","{""anthropic__claude-sonnet-4.6"": {""A"": 3, ""B"": 2, ""C"": 1}, ""deepseek__deepseek-v4-flash"": {""A"": 3, ""B"": 1, ""C"": 2}, ""google__gemini-3-flash-preview"": {""A"": 3, ""B"": 2, ""C"": 1}, ""moonshotai__kimi-k2.5"": {""A"": 3, ""B"": 2, ""C"": 1}, ""openai__gpt-5.2"": {""A"": 3, ""B"": 2, ""C"": 1}}"
072,0.133333,4,2,"{""C"": 5}","{""anthropic__claude-sonnet-4.6"": {""A"": 2, ""B"": 3, ""C"": 1}, ""deepseek__deepseek-v4-flash"": {""A"": 2, ""B"": 3, ""C"": 1}, ""google__gemini-3-flash-preview"": {""A"": 3, ""B"": 2, ""C"": 1}, ""moonshotai__kimi-k2.5"": {""A"": 2, ""B"": 3, ""C"": 1}, ""openai__gpt-5.2"": {""A"": 2, ""B"": 3, ""C"": 1}}"
074,0.133333,4,2,"{""C"": 5}","{""anthropic__claude-sonnet-4.6"": {""A"": 2, ""B"": 3, ""C"": 1}, ""deepseek__deepseek-v4-flash"": {""A"": 2, ""B"": 3, ""C"": 1}, ""google__gemini-3-flash-preview"": {""A"": 3, ""B"": 2, ""C"": 1}, ""moonshotai__kimi-k2.5"": {""A"": 2, ""B"": 3, ""C"": 1}, ""openai__gpt-5.2"": {""A"": 2, ""B"": 3, ""C"": 1}}"
076,0.133333,4,2,"{""B"": 5}","{""anthropic__claude-sonnet-4.6"": {""A"": 3, ""B"": 1, ""C"": 2}, ""deepseek__deepseek-v4-flash"": {""A"": 2, ""B"": 1, ""C"": 3}, ""google__gemini-3-flash-preview"": {""A"": 3, ""B"": 1, ""C"": 2}, ""moonshotai__kimi-k2.5"": {""A"": 3, ""B"": 1, ""C"": 2}, ""openai__gpt-5.2"": {""A"": 3, ""B"": 1, ""C"": 2}}"
080,0.133333,4,2,"{""B"": 1, ""C"": 4}","{""anthropic__claude-sonnet-4.6"": {""A"": 3, ""B"": 2, ""C"": 1}, ""deepseek__deepseek-v4-flash"": {""A"": 3, ""B"": 1, ""C"": 2}, ""google__gemini-3-flash-preview"": {""A"": 3, ""B"": 2, ""C"": 1}, ""moonshotai__kimi-k2.5"": {""A"": 3, ""B"": 2, ""C"": 1}, ""openai__gpt-5.2"": {""A"": 3, ""B"": 2, ""C"": 1}}"
083,0.133333,4,2,"{""A"": 4, ""B"": 1}","{""anthropic__claude-sonnet-4.6"": {""A"": 2, ""B"": 1, ""C"": 3}, ""deepseek__deepseek-v4-flash"": {""A"": 1, ""B"": 2, ""C"": 3}, ""google__gemini-3-flash-preview"": {""A"": 1, ""B"": 2, ""C"": 3}, ""moonshotai__kimi-k2.5"": {""A"": 1, ""B"": 2, ""C"": 3}, ""openai__gpt-5.2"": {""A"": 1, ""B"": 2, ""C"": 3}}"
085,0.133333,4,2,"{""C"": 5}","{""anthropic__claude-sonnet-4.6"": {""A"": 2, ""B"": 3, ""C"": 1}, ""deepseek__deepseek-v4-flash"": {""A"": 2, ""B"": 3, ""C"": 1}, ""google__gemini-3-flash-preview"": {""A"": 3, ""B"": 2, ""C"": 1}, ""moonshotai__kimi-k2.5"": {""A"": 2, ""B"": 3, ""C"": 1}, ""openai__gpt-5.2"": {""A"": 2, ""B"": 3, ""C"": 1}}"
086,0.133333,4,2,"{""A"": 4, ""B"": 1}","{""anthropic__claude-sonnet-4.6"": {""A"": 2, ""B"": 1, ""C"": 3}, ""deepseek__deepseek-v4-flash"": {""A"": 1, ""B"": 2, ""C"": 3}, ""google__gemini-3-flash-preview"": {""A"": 1, ""B"": 2, ""C"": 3}, ""moonshotai__kimi-k2.5"": {""A"": 1, ""B"": 2, ""C"": 3}, ""openai__gpt-5.2"": {""A"": 1, ""B"": 2, ""C"": 3}}"
095,0.133333,4,2,"{""C"": 5}","{""anthropic__claude-sonnet-4.6"": {""A"": 2, ""B"": 3, ""C"": 1}, ""deepseek__deepseek-v4-flash"": {""A"": 2, ""B"": 3, ""C"": 1}, ""google__gemini-3-flash-preview"": {""A"": 3, ""B"": 2, ""C"": 1}, ""moonshotai__kimi-k2.5"": {""A"": 2, ""B"": 3, ""C"": 1}, ""openai__gpt-5.2"": {""A"": 2, ""B"": 3, ""C"": 1}}"
096,0.133333,4,2,"{""B"": 5}","{""anthropic__claude-sonnet-4.6"": {""A"": 3, ""B"": 1, ""C"": 2}, ""deepseek__deepseek-v4-flash"": {""A"": 2, ""B"": 1, ""C"": 3}, ""google__gemini-3-flash-preview"": {""A"": 2, ""B"": 1, ""C"": 3}, ""moonshotai__kimi-k2.5"": {""A"": 2, ""B"": 1, ""C"": 3}, ""openai__gpt-5.2"": {""A"": 2, ""B"": 1, ""C"": 3}}"
098,0.133333,4,2,"{""A"": 1, ""C"": 4}","{""anthropic__claude-sonnet-4.6"": {""A"": 2, ""B"": 3, ""C"": 1}, ""deepseek__deepseek-v4-flash"": {""A"": 1, ""B"": 3, ""C"": 2}, ""google__gemini-3-flash-preview"": {""A"": 2, ""B"": 3, ""C"": 1}, ""moonshotai__kimi-k2.5"": {""A"": 2, ""B"": 3, ""C"": 1}, ""openai__gpt-5.2"": {""A"": 2, ""B"": 3, ""C"": 1}}"
100,0.133333,4,2,"{""B"": 4, ""C"": 1}","{""anthropic__claude-sonnet-4.6"": {""A"": 3, ""B"": 1, ""C"": 2}, ""deepseek__deepseek-v4-flash"": {""A"": 3, ""B"": 2, ""C"": 1}, ""google__gemini-3-flash-preview"": {""A"": 3, ""B"": 1, ""C"": 2}, ""moonshotai__kimi-k2.5"": {""A"": 3, ""B"": 1, ""C"": 2}, ""openai__gpt-5.2"": {""A"": 3, ""B"": 1, ""C"": 2}}"
109,0.133333,4,2,"{""B"": 5}","{""anthropic__claude-sonnet-4.6"": {""A"": 3, ""B"": 1, ""C"": 2}, ""deepseek__deepseek-v4-flash"": {""A"": 3, ""B"": 1, ""C"": 2}, ""google__gemini-3-flash-preview"": {""A"": 3, ""B"": 1, ""C"": 2}, ""moonshotai__kimi-k2.5"": {""A"": 2, ""B"": 1, ""C"": 3}, ""openai__gpt-5.2"": {""A"": 3, ""B"": 1, ""C"": 2}}"
110,0.133333,4,2,"{""C"": 5}","{""anthropic__claude-sonnet-4.6"": {""A"": 3, ""B"": 2, ""C"": 1}, ""deepseek__deepseek-v4-flash"": {""A"": 3, ""B"": 2, ""C"": 1}, ""google__gemini-3-flash-preview"": {""A"": 3, ""B"": 2, ""C"": 1}, ""moonshotai__kimi-k2.5"": {""A"": 2, ""B"": 3, ""C"": 1}, ""openai__gpt-5.2"": {""A"": 3, ""B"": 2, ""C"": 1}}"
111,0.133333,4,2,"{""A"": 1, ""C"": 4}","{""anthropic__claude-sonnet-4.6"": {""A"": 2, ""B"": 3, ""C"": 1}, ""deepseek__deepseek-v4-flash"": {""A"": 2, ""B"": 3, ""C"": 1}, ""google__gemini-3-flash-preview"": {""A"": 2, ""B"": 3, ""C"": 1}, ""moonshotai__kimi-k2.5"": {""A"": 1, ""B"": 3, ""C"": 2}, ""openai__gpt-5.2"": {""A"": 2, ""B"": 3, ""C"": 1}}"
112,0.133333,4,2,"{""A"": 4, ""C"": 1}","{""anthropic__claude-sonnet-4.6"": {""A"": 1, ""B"": 3, ""C"": 2}, ""deepseek__deepseek-v4-flash"": {""A"": 1, ""B"": 3, ""C"": 2}, ""google__gemini-3-flash-preview"": {""A"": 2, ""B"": 3, ""C"": 1}, ""moonshotai__kimi-k2.5"": {""A"": 1, ""B"": 3, ""C"": 2}, ""openai__gpt-5.2"": {""A"": 1, ""B"": 3, ""C"": 2}}"
113,0.133333,4,2,"{""C"": 5}","{""anthropic__claude-sonnet-4.6"": {""A"": 2, ""B"": 3, ""C"": 1}, ""deepseek__deepseek-v4-flash"": {""A"": 2, ""B"": 3, ""C"": 1}, ""google__gemini-3-flash-preview"": {""A"": 3, ""B"": 2, ""C"": 1}, ""moonshotai__kimi-k2.5"": {""A"": 2, ""B"": 3, ""C"": 1}, ""openai__gpt-5.2"": {""A"": 2, ""B"": 3, ""C"": 1}}"
120,0.133333,4,2,"{""B"": 5}","{""anthropic__claude-sonnet-4.6"": {""A"": 2, ""B"": 1, ""C"": 3}, ""deepseek__deepseek-v4-flash"": {""A"": 2, ""B"": 1, ""C"": 3}, ""google__gemini-3-flash-preview"": {""A"": 3, ""B"": 1, ""C"": 2}, ""moonshotai__kimi-k2.5"": {""A"": 2, ""B"": 1, ""C"": 3}, ""openai__gpt-5.2"": {""A"": 2, ""B"": 1, ""C"": 3}}"
122,0.133333,4,2,"{""C"": 5}","{""anthropic__claude-sonnet-4.6"": {""A"": 2, ""B"": 3, ""C"": 1}, ""deepseek__deepseek-v4-flash"": {""A"": 3, ""B"": 2, ""C"": 1}, ""google__gemini-3-flash-preview"": {""A"": 3, ""B"": 2, ""C"": 1}, ""moonshotai__kimi-k2.5"": {""A"": 3, ""B"": 2, ""C"": 1}, ""openai__gpt-5.2"": {""A"": 3, ""B"": 2, ""C"": 1}}"
124,0.133333,4,2,"{""A"": 1, ""C"": 4}","{""anthropic__claude-sonnet-4.6"": {""A"": 2, ""B"": 3, ""C"": 1}, ""deepseek__deepseek-v4-flash"": {""A"": 1, ""B"": 3, ""C"": 2}, ""google__gemini-3-flash-preview"": {""A"": 2, ""B"": 3, ""C"": 1}, ""moonshotai__kimi-k2.5"": {""A"": 2, ""B"": 3, ""C"": 1}, ""openai__gpt-5.2"": {""A"": 2, ""B"": 3, ""C"": 1}}"
126,0.133333,4,2,"{""C"": 5}","{""anthropic__claude-sonnet-4.6"": {""A"": 3, ""B"": 2, ""C"": 1}, ""deepseek__deepseek-v4-flash"": {""A"": 3, ""B"": 2, ""C"": 1}, ""google__gemini-3-flash-preview"": {""A"": 3, ""B"": 2, ""C"": 1}, ""moonshotai__kimi-k2.5"": {""A"": 2, ""B"": 3, ""C"": 1}, ""openai__gpt-5.2"": {""A"": 3, ""B"": 2, ""C"": 1}}"
129,0.133333,4,2,"{""B"": 5}","{""anthropic__claude-sonnet-4.6"": {""A"": 2, ""B"": 1, ""C"": 3}, ""deepseek__deepseek-v4-flash"": {""A"": 2, ""B"": 1, ""C"": 3}, ""google__gemini-3-flash-preview"": {""A"": 3, ""B"": 1, ""C"": 2}, ""moonshotai__kimi-k2.5"": {""A"": 2, ""B"": 1, ""C"": 3}, ""openai__gpt-5.2"": {""A"": 2, ""B"": 1, ""C"": 3}}"
131,0.133333,4,2,"{""B"": 5}","{""anthropic__claude-sonnet-4.6"": {""A"": 2, ""B"": 1, ""C"": 3}, ""deepseek__deepseek-v4-flash"": {""A"": 2, ""B"": 1, ""C"": 3}, ""google__gemini-3-flash-preview"": {""A"": 3, ""B"": 1, ""C"": 2}, ""moonshotai__kimi-k2.5"": {""A"": 2, ""B"": 1, ""C"": 3}, ""openai__gpt-5.2"": {""A"": 2, ""B"": 1, ""C"": 3}}"
137,0.133333,4,2,"{""C"": 5}","{""anthropic__claude-sonnet-4.6"": {""A"": 3, ""B"": 2, ""C"": 1}, ""deepseek__deepseek-v4-flash"": {""A"": 3, ""B"": 2, ""C"": 1}, ""google__gemini-3-flash-preview"": {""A"": 3, ""B"": 2, ""C"": 1}, ""moonshotai__kimi-k2.5"": {""A"": 2, ""B"": 3, ""C"": 1}, ""openai__gpt-5.2"": {""A"": 3, ""B"": 2, ""C"": 1}}"
138,0.133333,4,2,"{""B"": 1, ""C"": 4}","{""anthropic__claude-sonnet-4.6"": {""A"": 3, ""B"": 2, ""C"": 1}, ""deepseek__deepseek-v4-flash"": {""A"": 3, ""B"": 1, ""C"": 2}, ""google__gemini-3-flash-preview"": {""A"": 3, ""B"": 2, ""C"": 1}, ""moonshotai__kimi-k2.5"": {""A"": 3, ""B"": 2, ""C"": 1}, ""openai__gpt-5.2"": {""A"": 3, ""B"": 2, ""C"": 1}}"
140,0.133333,4,2,"{""A"": 5}","{""anthropic__claude-sonnet-4.6"": {""A"": 1, ""B"": 2, ""C"": 3}, ""deepseek__deepseek-v4-flash"": {""A"": 1, ""B"": 2, ""C"": 3}, ""google__gemini-3-flash-preview"": {""A"": 1, ""B"": 3, ""C"": 2}, ""moonshotai__kimi-k2.5"": {""A"": 1, ""B"": 2, ""C"": 3}, ""openai__gpt-5.2"": {""A"": 1, ""B"": 2, ""C"": 3}}"
141,0.133333,4,2,"{""B"": 1, ""C"": 4}","{""anthropic__claude-sonnet-4.6"": {""A"": 3, ""B"": 2, ""C"": 1}, ""deepseek__deepseek-v4-flash"": {""A"": 3, ""B"": 1, ""C"": 2}, ""google__gemini-3-flash-preview"": {""A"": 3, ""B"": 2, ""C"": 1}, ""moonshotai__kimi-k2.5"": {""A"": 3, ""B"": 2, ""C"": 1}, ""openai__gpt-5.2"": {""A"": 3, ""B"": 2, ""C"": 1}}"
149,0.133333,4,2,"{""A"": 4, ""B"": 1}","{""anthropic__claude-sonnet-4.6"": {""A"": 1, ""B"": 2, ""C"": 3}, ""deepseek__deepseek-v4-flash"": {""A"": 1, ""B"": 2, ""C"": 3}, ""google__gemini-3-flash-preview"": {""A"": 1, ""B"": 2, ""C"": 3}, ""moonshotai__kimi-k2.5"": {""A"": 1, ""B"": 2, ""C"": 3}, ""openai__gpt-5.2"": {""A"": 2, ""B"": 1, ""C"": 3}}"
157,0.133333,4,2,"{""B"": 5}","{""anthropic__claude-sonnet-4.6"": {""A"": 3, ""B"": 1, ""C"": 2}, ""deepseek__deepseek-v4-flash"": {""A"": 3, ""B"": 1, ""C"": 2}, ""google__gemini-3-flash-preview"": {""A"": 3, ""B"": 1, ""C"": 2}, ""moonshotai__kimi-k2.5"": {""A"": 2, ""B"": 1, ""C"": 3}, ""openai__gpt-5.2"": {""A"": 3, ""B"": 1, ""C"": 2}}"
158,0.133333,4,2,"{""B"": 4, ""C"": 1}","{""anthropic__claude-sonnet-4.6"": {""A"": 3, ""B"": 1, ""C"": 2}, ""deepseek__deepseek-v4-flash"": {""A"": 3, ""B"": 1, ""C"": 2}, ""google__gemini-3-flash-preview"": {""A"": 3, ""B"": 2, ""C"": 1}, ""moonshotai__kimi-k2.5"": {""A"": 3, ""B"": 1, ""C"": 2}, ""openai__gpt-5.2"": {""A"": 3, ""B"": 1, ""C"": 2}}"
166,0.133333,4,2,"{""B"": 5}","{""anthropic__claude-sonnet-4.6"": {""A"": 3, ""B"": 1, ""C"": 2}, ""deepseek__deepseek-v4-flash"": {""A"": 3, ""B"": 1, ""C"": 2}, ""google__gemini-3-flash-preview"": {""A"": 3, ""B"": 1, ""C"": 2}, ""moonshotai__kimi-k2.5"": {""A"": 3, ""B"": 1, ""C"": 2}, ""openai__gpt-5.2"": {""A"": 2, ""B"": 1, ""C"": 3}}"
169,0.133333,4,2,"{""A"": 1, ""B"": 4}","{""anthropic__claude-sonnet-4.6"": {""A"": 2, ""B"": 1, ""C"": 3}, ""deepseek__deepseek-v4-flash"": {""A"": 1, ""B"": 2, ""C"": 3}, ""google__gemini-3-flash-preview"": {""A"": 2, ""B"": 1, ""C"": 3}, ""moonshotai__kimi-k2.5"": {""A"": 2, ""B"": 1, ""C"": 3}, ""openai__gpt-5.2"": {""A"": 2, ""B"": 1, ""C"": 3}}"
173,0.133333,4,2,"{""A"": 4, ""C"": 1}","{""anthropic__claude-sonnet-4.6"": {""A"": 2, ""B"": 3, ""C"": 1}, ""deepseek__deepseek-v4-flash"": {""A"": 1, ""B"": 3, ""C"": 2}, ""google__gemini-3-flash-preview"": {""A"": 1, ""B"": 3, ""C"": 2}, ""moonshotai__kimi-k2.5"": {""A"": 1, ""B"": 3, ""C"": 2}, ""openai__gpt-5.2"": {""A"": 1, ""B"": 3, ""C"": 2}}"
175,0.133333,4,2,"{""A"": 4, ""B"": 1}","{""anthropic__claude-sonnet-4.6"": {""A"": 1, ""B"": 2, ""C"": 3}, ""deepseek__deepseek-v4-flash"": {""A"": 1, ""B"": 2, ""C"": 3}, ""google__gemini-3-flash-preview"": {""A"": 2, ""B"": 1, ""C"": 3}, ""moonshotai__kimi-k2.5"": {""A"": 1, ""B"": 2, ""C"": 3}, ""openai__gpt-5.2"": {""A"": 1, ""B"": 2, ""C"": 3}}"
181,0.133333,4,2,"{""B"": 5}","{""anthropic__claude-sonnet-4.6"": {""A"": 2, ""B"": 1, ""C"": 3}, ""deepseek__deepseek-v4-flash"": {""A"": 2, ""B"": 1, ""C"": 3}, ""google__gemini-3-flash-preview"": {""A"": 3, ""B"": 1, ""C"": 2}, ""moonshotai__kimi-k2.5"": {""A"": 2, ""B"": 1, ""C"": 3}, ""openai__gpt-5.2"": {""A"": 2, ""B"": 1, ""C"": 3}}"
187,0.133333,4,2,"{""A"": 4, ""C"": 1}","{""anthropic__claude-sonnet-4.6"": {""A"": 1, ""B"": 3, ""C"": 2}, ""deepseek__deepseek-v4-flash"": {""A"": 2, ""B"": 3, ""C"": 1}, ""google__gemini-3-flash-preview"": {""A"": 1, ""B"": 3, ""C"": 2}, ""moonshotai__kimi-k2.5"": {""A"": 1, ""B"": 3, ""C"": 2}, ""openai__gpt-5.2"": {""A"": 1, ""B"": 3, ""C"": 2}}"
193,0.133333,4,2,"{""B"": 5}","{""anthropic__claude-sonnet-4.6"": {""A"": 3, ""B"": 1, ""C"": 2}, ""deepseek__deepseek-v4-flash"": {""A"": 2, ""B"": 1, ""C"": 3}, ""google__gemini-3-flash-preview"": {""A"": 3, ""B"": 1, ""C"": 2}, ""moonshotai__kimi-k2.5"": {""A"": 3, ""B"": 1, ""C"": 2}, ""openai__gpt-5.2"": {""A"": 3, ""B"": 1, ""C"": 2}}"
196,0.133333,4,2,"{""A"": 1, ""C"": 4}","{""anthropic__claude-sonnet-4.6"": {""A"": 2, ""B"": 3, ""C"": 1}, ""deepseek__deepseek-v4-flash"": {""A"": 1, ""B"": 3, ""C"": 2}, ""google__gemini-3-flash-preview"": {""A"": 2, ""B"": 3, ""C"": 1}, ""moonshotai__kimi-k2.5"": {""A"": 2, ""B"": 3, ""C"": 1}, ""openai__gpt-5.2"": {""A"": 2, ""B"": 3, ""C"": 1}}"
199,0.133333,4,2,"{""A"": 5}","{""anthropic__claude-sonnet-4.6"": {""A"": 1, ""B"": 2, ""C"": 3}, ""deepseek__deepseek-v4-flash"": {""A"": 1, ""B"": 3, ""C"": 2}, ""google__gemini-3-flash-preview"": {""A"": 1, ""B"": 3, ""C"": 2}, ""moonshotai__kimi-k2.5"": {""A"": 1, ""B"": 3, ""C"": 2}, ""openai__gpt-5.2"": {""A"": 1, ""B"": 3, ""C"": 2}}"
200,0.133333,4,2,"{""A"": 1, ""B"": 4}","{""anthropic__claude-sonnet-4.6"": {""A"": 2, ""B"": 1, ""C"": 3}, ""deepseek__deepseek-v4-flash"": {""A"": 1, ""B"": 2, ""C"": 3}, ""google__gemini-3-flash-preview"": {""A"": 2, ""B"": 1, ""C"": 3}, ""moonshotai__kimi-k2.5"": {""A"": 2, ""B"": 1, ""C"": 3}, ""openai__gpt-5.2"": {""A"": 2, ""B"": 1, ""C"": 3}}"
006,0.0,0,1,"{""C"": 5}","{""anthropic__claude-sonnet-4.6"": {""A"": 2, ""B"": 3, ""C"": 1}, ""deepseek__deepseek-v4-flash"": {""A"": 2, ""B"": 3, ""C"": 1}, ""google__gemini-3-flash-preview"": {""A"": 2, ""B"": 3, ""C"": 1}, ""moonshotai__kimi-k2.5"": {""A"": 2, ""B"": 3, ""C"": 1}, ""openai__gpt-5.2"": {""A"": 2, ""B"": 3, ""C"": 1}}"
008,0.0,0,1,"{""A"": 5}","{""anthropic__claude-sonnet-4.6"": {""A"": 1, ""B"": 2, ""C"": 3}, ""deepseek__deepseek-v4-flash"": {""A"": 1, ""B"": 2, ""C"": 3}, ""google__gemini-3-flash-preview"": {""A"": 1, ""B"": 2, ""C"": 3}, ""moonshotai__kimi-k2.5"": {""A"": 1, ""B"": 2, ""C"": 3}, ""openai__gpt-5.2"": {""A"": 1, ""B"": 2, ""C"": 3}}"
015,0.0,0,1,"{""A"": 5}","{""anthropic__claude-sonnet-4.6"": {""A"": 1, ""B"": 3, ""C"": 2}, ""deepseek__deepseek-v4-flash"": {""A"": 1, ""B"": 3, ""C"": 2}, ""google__gemini-3-flash-preview"": {""A"": 1, ""B"": 3, ""C"": 2}, ""moonshotai__kimi-k2.5"": {""A"": 1, ""B"": 3, ""C"": 2}, ""openai__gpt-5.2"": {""A"": 1, ""B"": 3, ""C"": 2}}"
016,0.0,0,1,"{""B"": 5}","{""anthropic__claude-sonnet-4.6"": {""A"": 2, ""B"": 1, ""C"": 3}, ""deepseek__deepseek-v4-flash"": {""A"": 2, ""B"": 1, ""C"": 3}, ""google__gemini-3-flash-preview"": {""A"": 2, ""B"": 1, ""C"": 3}, ""moonshotai__kimi-k2.5"": {""A"": 2, ""B"": 1, ""C"": 3}, ""openai__gpt-5.2"": {""A"": 2, ""B"": 1, ""C"": 3}}"
030,0.0,0,1,"{""C"": 5}","{""anthropic__claude-sonnet-4.6"": {""A"": 2, ""B"": 3, ""C"": 1}, ""deepseek__deepseek-v4-flash"": {""A"": 2, ""B"": 3, ""C"": 1}, ""google__gemini-3-flash-preview"": {""A"": 2, ""B"": 3, ""C"": 1}, ""moonshotai__kimi-k2.5"": {""A"": 2, ""B"": 3, ""C"": 1}, ""openai__gpt-5.2"": {""A"": 2, ""B"": 3, ""C"": 1}}"
031,0.0,0,1,"{""C"": 5}","{""anthropic__claude-sonnet-4.6"": {""A"": 2, ""B"": 3, ""C"": 1}, ""deepseek__deepseek-v4-flash"": {""A"": 2, ""B"": 3, ""C"": 1}, ""google__gemini-3-flash-preview"": {""A"": 2, ""B"": 3, ""C"": 1}, ""moonshotai__kimi-k2.5"": {""A"": 2, ""B"": 3, ""C"": 1}, ""openai__gpt-5.2"": {""A"": 2, ""B"": 3, ""C"": 1}}"
037,0.0,0,1,"{""C"": 5}","{""anthropic__claude-sonnet-4.6"": {""A"": 3, ""B"": 2, ""C"": 1}, ""deepseek__deepseek-v4-flash"": {""A"": 3, ""B"": 2, ""C"": 1}, ""google__gemini-3-flash-preview"": {""A"": 3, ""B"": 2, ""C"": 1}, ""moonshotai__kimi-k2.5"": {""A"": 3, ""B"": 2, ""C"": 1}, ""openai__gpt-5.2"": {""A"": 3, ""B"": 2, ""C"": 1}}"
040,0.0,0,1,"{""A"": 5}","{""anthropic__claude-sonnet-4.6"": {""A"": 1, ""B"": 3, ""C"": 2}, ""deepseek__deepseek-v4-flash"": {""A"": 1, ""B"": 3, ""C"": 2}, ""google__gemini-3-flash-preview"": {""A"": 1, ""B"": 3, ""C"": 2}, ""moonshotai__kimi-k2.5"": {""A"": 1, ""B"": 3, ""C"": 2}, ""openai__gpt-5.2"": {""A"": 1, ""B"": 3, ""C"": 2}}"
043,0.0,0,1,"{""B"": 5}","{""anthropic__claude-sonnet-4.6"": {""A"": 3, ""B"": 1, ""C"": 2}, ""deepseek__deepseek-v4-flash"": {""A"": 3, ""B"": 1, ""C"": 2}, ""google__gemini-3-flash-preview"": {""A"": 3, ""B"": 1, ""C"": 2}, ""moonshotai__kimi-k2.5"": {""A"": 3, ""B"": 1, ""C"": 2}, ""openai__gpt-5.2"": {""A"": 3, ""B"": 1, ""C"": 2}}"
045,0.0,0,1,"{""A"": 5}","{""anthropic__claude-sonnet-4.6"": {""A"": 1, ""B"": 2, ""C"": 3}, ""deepseek__deepseek-v4-flash"": {""A"": 1, ""B"": 2, ""C"": 3}, ""google__gemini-3-flash-preview"": {""A"": 1, ""B"": 2, ""C"": 3}, ""moonshotai__kimi-k2.5"": {""A"": 1, ""B"": 2, ""C"": 3}, ""openai__gpt-5.2"": {""A"": 1, ""B"": 2, ""C"": 3}}"
046,0.0,0,1,"{""A"": 5}","{""anthropic__claude-sonnet-4.6"": {""A"": 1, ""B"": 2, ""C"": 3}, ""deepseek__deepseek-v4-flash"": {""A"": 1, ""B"": 2, ""C"": 3}, ""google__gemini-3-flash-preview"": {""A"": 1, ""B"": 2, ""C"": 3}, ""moonshotai__kimi-k2.5"": {""A"": 1, ""B"": 2, ""C"": 3}, ""openai__gpt-5.2"": {""A"": 1, ""B"": 2, ""C"": 3}}"
049,0.0,0,1,"{""B"": 5}","{""anthropic__claude-sonnet-4.6"": {""A"": 2, ""B"": 1, ""C"": 3}, ""deepseek__deepseek-v4-flash"": {""A"": 2, ""B"": 1, ""C"": 3}, ""google__gemini-3-flash-preview"": {""A"": 2, ""B"": 1, ""C"": 3}, ""moonshotai__kimi-k2.5"": {""A"": 2, ""B"": 1, ""C"": 3}, ""openai__gpt-5.2"": {""A"": 2, ""B"": 1, ""C"": 3}}"
060,0.0,0,1,"{""B"": 5}","{""anthropic__claude-sonnet-4.6"": {""A"": 2, ""B"": 1, ""C"": 3}, ""deepseek__deepseek-v4-flash"": {""A"": 2, ""B"": 1, ""C"": 3}, ""google__gemini-3-flash-preview"": {""A"": 2, ""B"": 1, ""C"": 3}, ""moonshotai__kimi-k2.5"": {""A"": 2, ""B"": 1, ""C"": 3}, ""openai__gpt-5.2"": {""A"": 2, ""B"": 1, ""C"": 3}}"
062,0.0,0,1,"{""A"": 5}","{""anthropic__claude-sonnet-4.6"": {""A"": 1, ""B"": 3, ""C"": 2}, ""deepseek__deepseek-v4-flash"": {""A"": 1, ""B"": 3, ""C"": 2}, ""google__gemini-3-flash-preview"": {""A"": 1, ""B"": 3, ""C"": 2}, ""moonshotai__kimi-k2.5"": {""A"": 1, ""B"": 3, ""C"": 2}, ""openai__gpt-5.2"": {""A"": 1, ""B"": 3, ""C"": 2}}"
064,0.0,0,1,"{""C"": 5}","{""anthropic__claude-sonnet-4.6"": {""A"": 3, ""B"": 2, ""C"": 1}, ""deepseek__deepseek-v4-flash"": {""A"": 3, ""B"": 2, ""C"": 1}, ""google__gemini-3-flash-preview"": {""A"": 3, ""B"": 2, ""C"": 1}, ""moonshotai__kimi-k2.5"": {""A"": 3, ""B"": 2, ""C"": 1}, ""openai__gpt-5.2"": {""A"": 3, ""B"": 2, ""C"": 1}}"
065,0.0,0,1,"{""C"": 5}","{""anthropic__claude-sonnet-4.6"": {""A"": 3, ""B"": 2, ""C"": 1}, ""deepseek__deepseek-v4-flash"": {""A"": 3, ""B"": 2, ""C"": 1}, ""google__gemini-3-flash-preview"": {""A"": 3, ""B"": 2, ""C"": 1}, ""moonshotai__kimi-k2.5"": {""A"": 3, ""B"": 2, ""C"": 1}, ""openai__gpt-5.2"": {""A"": 3, ""B"": 2, ""C"": 1}}"
089,0.0,0,1,"{""C"": 5}","{""anthropic__claude-sonnet-4.6"": {""A"": 2, ""B"": 3, ""C"": 1}, ""deepseek__deepseek-v4-flash"": {""A"": 2, ""B"": 3, ""C"": 1}, ""google__gemini-3-flash-preview"": {""A"": 2, ""B"": 3, ""C"": 1}, ""moonshotai__kimi-k2.5"": {""A"": 2, ""B"": 3, ""C"": 1}, ""openai__gpt-5.2"": {""A"": 2, ""B"": 3, ""C"": 1}}"
094,0.0,0,1,"{""B"": 5}","{""anthropic__claude-sonnet-4.6"": {""A"": 3, ""B"": 1, ""C"": 2}, ""deepseek__deepseek-v4-flash"": {""A"": 3, ""B"": 1, ""C"": 2}, ""google__gemini-3-flash-preview"": {""A"": 3, ""B"": 1, ""C"": 2}, ""moonshotai__kimi-k2.5"": {""A"": 3, ""B"": 1, ""C"": 2}, ""openai__gpt-5.2"": {""A"": 3, ""B"": 1, ""C"": 2}}"
097,0.0,0,1,"{""B"": 5}","{""anthropic__claude-sonnet-4.6"": {""A"": 2, ""B"": 1, ""C"": 3}, ""deepseek__deepseek-v4-flash"": {""A"": 2, ""B"": 1, ""C"": 3}, ""google__gemini-3-flash-preview"": {""A"": 2, ""B"": 1, ""C"": 3}, ""moonshotai__kimi-k2.5"": {""A"": 2, ""B"": 1, ""C"": 3}, ""openai__gpt-5.2"": {""A"": 2, ""B"": 1, ""C"": 3}}"
099,0.0,0,1,"{""B"": 5}","{""anthropic__claude-sonnet-4.6"": {""A"": 2, ""B"": 1, ""C"": 3}, ""deepseek__deepseek-v4-flash"": {""A"": 2, ""B"": 1, ""C"": 3}, ""google__gemini-3-flash-preview"": {""A"": 2, ""B"": 1, ""C"": 3}, ""moonshotai__kimi-k2.5"": {""A"": 2, ""B"": 1, ""C"": 3}, ""openai__gpt-5.2"": {""A"": 2, ""B"": 1, ""C"": 3}}"
101,0.0,0,1,"{""B"": 5}","{""anthropic__claude-sonnet-4.6"": {""A"": 2, ""B"": 1, ""C"": 3}, ""deepseek__deepseek-v4-flash"": {""A"": 2, ""B"": 1, ""C"": 3}, ""google__gemini-3-flash-preview"": {""A"": 2, ""B"": 1, ""C"": 3}, ""moonshotai__kimi-k2.5"": {""A"": 2, ""B"": 1, ""C"": 3}, ""openai__gpt-5.2"": {""A"": 2, ""B"": 1, ""C"": 3}}"
102,0.0,0,1,"{""C"": 5}","{""anthropic__claude-sonnet-4.6"": {""A"": 3, ""B"": 2, ""C"": 1}, ""deepseek__deepseek-v4-flash"": {""A"": 3, ""B"": 2, ""C"": 1}, ""google__gemini-3-flash-preview"": {""A"": 3, ""B"": 2, ""C"": 1}, ""moonshotai__kimi-k2.5"": {""A"": 3, ""B"": 2, ""C"": 1}, ""openai__gpt-5.2"": {""A"": 3, ""B"": 2, ""C"": 1}}"
103,0.0,0,1,"{""A"": 5}","{""anthropic__claude-sonnet-4.6"": {""A"": 1, ""B"": 2, ""C"": 3}, ""deepseek__deepseek-v4-flash"": {""A"": 1, ""B"": 2, ""C"": 3}, ""google__gemini-3-flash-preview"": {""A"": 1, ""B"": 2, ""C"": 3}, ""moonshotai__kimi-k2.5"": {""A"": 1, ""B"": 2, ""C"": 3}, ""openai__gpt-5.2"": {""A"": 1, ""B"": 2, ""C"": 3}}"
104,0.0,0,1,"{""C"": 5}","{""anthropic__claude-sonnet-4.6"": {""A"": 3, ""B"": 2, ""C"": 1}, ""deepseek__deepseek-v4-flash"": {""A"": 3, ""B"": 2, ""C"": 1}, ""google__gemini-3-flash-preview"": {""A"": 3, ""B"": 2, ""C"": 1}, ""moonshotai__kimi-k2.5"": {""A"": 3, ""B"": 2, ""C"": 1}, ""openai__gpt-5.2"": {""A"": 3, ""B"": 2, ""C"": 1}}"
105,0.0,0,1,"{""B"": 5}","{""anthropic__claude-sonnet-4.6"": {""A"": 2, ""B"": 1, ""C"": 3}, ""deepseek__deepseek-v4-flash"": {""A"": 2, ""B"": 1, ""C"": 3}, ""google__gemini-3-flash-preview"": {""A"": 2, ""B"": 1, ""C"": 3}, ""moonshotai__kimi-k2.5"": {""A"": 2, ""B"": 1, ""C"": 3}, ""openai__gpt-5.2"": {""A"": 2, ""B"": 1, ""C"": 3}}"
106,0.0,0,1,"{""A"": 5}","{""anthropic__claude-sonnet-4.6"": {""A"": 1, ""B"": 2, ""C"": 3}, ""deepseek__deepseek-v4-flash"": {""A"": 1, ""B"": 2, ""C"": 3}, ""google__gemini-3-flash-preview"": {""A"": 1, ""B"": 2, ""C"": 3}, ""moonshotai__kimi-k2.5"": {""A"": 1, ""B"": 2, ""C"": 3}, ""openai__gpt-5.2"": {""A"": 1, ""B"": 2, ""C"": 3}}"
115,0.0,0,1,"{""A"": 5}","{""anthropic__claude-sonnet-4.6"": {""A"": 1, ""B"": 2, ""C"": 3}, ""deepseek__deepseek-v4-flash"": {""A"": 1, ""B"": 2, ""C"": 3}, ""google__gemini-3-flash-preview"": {""A"": 1, ""B"": 2, ""C"": 3}, ""moonshotai__kimi-k2.5"": {""A"": 1, ""B"": 2, ""C"": 3}, ""openai__gpt-5.2"": {""A"": 1, ""B"": 2, ""C"": 3}}"
117,0.0,0,1,"{""C"": 5}","{""anthropic__claude-sonnet-4.6"": {""A"": 3, ""B"": 2, ""C"": 1}, ""deepseek__deepseek-v4-flash"": {""A"": 3, ""B"": 2, ""C"": 1}, ""google__gemini-3-flash-preview"": {""A"": 3, ""B"": 2, ""C"": 1}, ""moonshotai__kimi-k2.5"": {""A"": 3, ""B"": 2, ""C"": 1}, ""openai__gpt-5.2"": {""A"": 3, ""B"": 2, ""C"": 1}}"
123,0.0,0,1,"{""B"": 5}","{""anthropic__claude-sonnet-4.6"": {""A"": 2, ""B"": 1, ""C"": 3}, ""deepseek__deepseek-v4-flash"": {""A"": 2, ""B"": 1, ""C"": 3}, ""google__gemini-3-flash-preview"": {""A"": 2, ""B"": 1, ""C"": 3}, ""moonshotai__kimi-k2.5"": {""A"": 2, ""B"": 1, ""C"": 3}, ""openai__gpt-5.2"": {""A"": 2, ""B"": 1, ""C"": 3}}"
127,0.0,0,1,"{""B"": 5}","{""anthropic__claude-sonnet-4.6"": {""A"": 2, ""B"": 1, ""C"": 3}, ""deepseek__deepseek-v4-flash"": {""A"": 2, ""B"": 1, ""C"": 3}, ""google__gemini-3-flash-preview"": {""A"": 2, ""B"": 1, ""C"": 3}, ""moonshotai__kimi-k2.5"": {""A"": 2, ""B"": 1, ""C"": 3}, ""openai__gpt-5.2"": {""A"": 2, ""B"": 1, ""C"": 3}}"
132,0.0,0,1,"{""A"": 5}","{""anthropic__claude-sonnet-4.6"": {""A"": 1, ""B"": 2, ""C"": 3}, ""deepseek__deepseek-v4-flash"": {""A"": 1, ""B"": 2, ""C"": 3}, ""google__gemini-3-flash-preview"": {""A"": 1, ""B"": 2, ""C"": 3}, ""moonshotai__kimi-k2.5"": {""A"": 1, ""B"": 2, ""C"": 3}, ""openai__gpt-5.2"": {""A"": 1, ""B"": 2, ""C"": 3}}"
135,0.0,0,1,"{""B"": 5}","{""anthropic__claude-sonnet-4.6"": {""A"": 2, ""B"": 1, ""C"": 3}, ""deepseek__deepseek-v4-flash"": {""A"": 2, ""B"": 1, ""C"": 3}, ""google__gemini-3-flash-preview"": {""A"": 2, ""B"": 1, ""C"": 3}, ""moonshotai__kimi-k2.5"": {""A"": 2, ""B"": 1, ""C"": 3}, ""openai__gpt-5.2"": {""A"": 2, ""B"": 1, ""C"": 3}}"
139,0.0,0,1,"{""B"": 5}","{""anthropic__claude-sonnet-4.6"": {""A"": 2, ""B"": 1, ""C"": 3}, ""deepseek__deepseek-v4-flash"": {""A"": 2, ""B"": 1, ""C"": 3}, ""google__gemini-3-flash-preview"": {""A"": 2, ""B"": 1, ""C"": 3}, ""moonshotai__kimi-k2.5"": {""A"": 2, ""B"": 1, ""C"": 3}, ""openai__gpt-5.2"": {""A"": 2, ""B"": 1, ""C"": 3}}"
143,0.0,0,1,"{""A"": 5}","{""anthropic__claude-sonnet-4.6"": {""A"": 1, ""B"": 3, ""C"": 2}, ""deepseek__deepseek-v4-flash"": {""A"": 1, ""B"": 3, ""C"": 2}, ""google__gemini-3-flash-preview"": {""A"": 1, ""B"": 3, ""C"": 2}, ""moonshotai__kimi-k2.5"": {""A"": 1, ""B"": 3, ""C"": 2}, ""openai__gpt-5.2"": {""A"": 1, ""B"": 3, ""C"": 2}}"
146,0.0,0,1,"{""A"": 5}","{""anthropic__claude-sonnet-4.6"": {""A"": 1, ""B"": 3, ""C"": 2}, ""deepseek__deepseek-v4-flash"": {""A"": 1, ""B"": 3, ""C"": 2}, ""google__gemini-3-flash-preview"": {""A"": 1, ""B"": 3, ""C"": 2}, ""moonshotai__kimi-k2.5"": {""A"": 1, ""B"": 3, ""C"": 2}, ""openai__gpt-5.2"": {""A"": 1, ""B"": 3, ""C"": 2}}"
147,0.0,0,1,"{""A"": 5}","{""anthropic__claude-sonnet-4.6"": {""A"": 1, ""B"": 3, ""C"": 2}, ""deepseek__deepseek-v4-flash"": {""A"": 1, ""B"": 3, ""C"": 2}, ""google__gemini-3-flash-preview"": {""A"": 1, ""B"": 3, ""C"": 2}, ""moonshotai__kimi-k2.5"": {""A"": 1, ""B"": 3, ""C"": 2}, ""openai__gpt-5.2"": {""A"": 1, ""B"": 3, ""C"": 2}}"
151,0.0,0,1,"{""B"": 5}","{""anthropic__claude-sonnet-4.6"": {""A"": 2, ""B"": 1, ""C"": 3}, ""deepseek__deepseek-v4-flash"": {""A"": 2, ""B"": 1, ""C"": 3}, ""google__gemini-3-flash-preview"": {""A"": 2, ""B"": 1, ""C"": 3}, ""moonshotai__kimi-k2.5"": {""A"": 2, ""B"": 1, ""C"": 3}, ""openai__gpt-5.2"": {""A"": 2, ""B"": 1, ""C"": 3}}"
167,0.0,0,1,"{""B"": 5}","{""anthropic__claude-sonnet-4.6"": {""A"": 2, ""B"": 1, ""C"": 3}, ""deepseek__deepseek-v4-flash"": {""A"": 2, ""B"": 1, ""C"": 3}, ""google__gemini-3-flash-preview"": {""A"": 2, ""B"": 1, ""C"": 3}, ""moonshotai__kimi-k2.5"": {""A"": 2, ""B"": 1, ""C"": 3}, ""openai__gpt-5.2"": {""A"": 2, ""B"": 1, ""C"": 3}}"
177,0.0,0,1,"{""B"": 5}","{""anthropic__claude-sonnet-4.6"": {""A"": 2, ""B"": 1, ""C"": 3}, ""deepseek__deepseek-v4-flash"": {""A"": 2, ""B"": 1, ""C"": 3}, ""google__gemini-3-flash-preview"": {""A"": 2, ""B"": 1, ""C"": 3}, ""moonshotai__kimi-k2.5"": {""A"": 2, ""B"": 1, ""C"": 3}, ""openai__gpt-5.2"": {""A"": 2, ""B"": 1, ""C"": 3}}"
178,0.0,0,1,"{""A"": 5}","{""anthropic__claude-sonnet-4.6"": {""A"": 1, ""B"": 2, ""C"": 3}, ""deepseek__deepseek-v4-flash"": {""A"": 1, ""B"": 2, ""C"": 3}, ""google__gemini-3-flash-preview"": {""A"": 1, ""B"": 2, ""C"": 3}, ""moonshotai__kimi-k2.5"": {""A"": 1, ""B"": 2, ""C"": 3}, ""openai__gpt-5.2"": {""A"": 1, ""B"": 2, ""C"": 3}}"
186,0.0,0,1,"{""B"": 5}","{""anthropic__claude-sonnet-4.6"": {""A"": 2, ""B"": 1, ""C"": 3}, ""deepseek__deepseek-v4-flash"": {""A"": 2, ""B"": 1, ""C"": 3}, ""google__gemini-3-flash-preview"": {""A"": 2, ""B"": 1, ""C"": 3}, ""moonshotai__kimi-k2.5"": {""A"": 2, ""B"": 1, ""C"": 3}, ""openai__gpt-5.2"": {""A"": 2, ""B"": 1, ""C"": 3}}"
188,0.0,0,1,"{""B"": 5}","{""anthropic__claude-sonnet-4.6"": {""A"": 2, ""B"": 1, ""C"": 3}, ""deepseek__deepseek-v4-flash"": {""A"": 2, ""B"": 1, ""C"": 3}, ""google__gemini-3-flash-preview"": {""A"": 2, ""B"": 1, ""C"": 3}, ""moonshotai__kimi-k2.5"": {""A"": 2, ""B"": 1, ""C"": 3}, ""openai__gpt-5.2"": {""A"": 2, ""B"": 1, ""C"": 3}}"
192,0.0,0,1,"{""A"": 5}","{""anthropic__claude-sonnet-4.6"": {""A"": 1, ""B"": 2, ""C"": 3}, ""deepseek__deepseek-v4-flash"": {""A"": 1, ""B"": 2, ""C"": 3}, ""google__gemini-3-flash-preview"": {""A"": 1, ""B"": 2, ""C"": 3}, ""moonshotai__kimi-k2.5"": {""A"": 1, ""B"": 2, ""C"": 3}, ""openai__gpt-5.2"": {""A"": 1, ""B"": 2, ""C"": 3}}"
194,0.0,0,1,"{""C"": 5}","{""anthropic__claude-sonnet-4.6"": {""A"": 3, ""B"": 2, ""C"": 1}, ""deepseek__deepseek-v4-flash"": {""A"": 3, ""B"": 2, ""C"": 1}, ""google__gemini-3-flash-preview"": {""A"": 3, ""B"": 2, ""C"": 1}, ""moonshotai__kimi-k2.5"": {""A"": 3, ""B"": 2, ""C"": 1}, ""openai__gpt-5.2"": {""A"": 3, ""B"": 2, ""C"": 1}}"
198,0.0,0,1,"{""A"": 5}","{""anthropic__claude-sonnet-4.6"": {""A"": 1, ""B"": 2, ""C"": 3}, ""deepseek__deepseek-v4-flash"": {""A"": 1, ""B"": 2, ""C"": 3}, ""google__gemini-3-flash-preview"": {""A"": 1, ""B"": 2, ""C"": 3}, ""moonshotai__kimi-k2.5"": {""A"": 1, ""B"": 2, ""C"": 3}, ""openai__gpt-5.2"": {""A"": 1, ""B"": 2, ""C"": 3}}"
